ts,total_supply_ip,circulating_ip,locked_ip
2025-02-13,1000000000.000000,250330866.467822,749669133.532178
2025-02-14,1000000000.000000,250661732.935644,749338267.064356
2025-02-15,1000000000.000000,250992599.403466,749007400.596534
2025-02-16,1000000000.000000,251323465.871288,748676534.128712
2025-02-17,1000000000.000000,251654332.339110,748345667.660890
2025-02-18,1000000000.000000,251985198.806932,748014801.193068
2025-02-19,1000000000.000000,252316065.274754,747683934.725246
2025-02-20,1000000000.000000,252646931.742576,747353068.257424
2025-02-21,1000000000.000000,252977798.210398,747022201.789602
2025-02-22,1000000000.000000,253308664.678220,746691335.321780
2025-02-23,1000000000.000000,253639531.146042,746360468.853958
2025-02-24,1000000000.000000,253970397.613864,746029602.386136
2025-02-25,1000000000.000000,254301264.081686,745698735.918314
2025-02-26,1000000000.000000,254632130.549508,745367869.450492
2025-02-27,1000000000.000000,254962997.017330,745037002.982670
2025-02-28,1000000000.000000,255293863.485152,744706136.514848
2025-03-01,1000000000.000000,255624729.952974,744375270.047026
2025-03-02,1000000000.000000,255955596.420796,744044403.579204
2025-03-03,1000000000.000000,256286462.888618,743713537.111382
2025-03-04,1000000000.000000,256617329.356440,743382670.643560
2025-03-05,1000000000.000000,256948195.824262,743051804.175738
2025-03-06,1000000000.000000,257279062.292084,742720937.707916
2025-03-07,1000000000.000000,257609928.759906,742390071.240094
2025-03-08,1000000000.000000,257940795.227728,742059204.772272
2025-03-09,1000000000.000000,258271661.695550,741728338.304450
2025-03-10,1000000000.000000,258602528.163372,741397471.836628
2025-03-11,1000000000.000000,258933394.631194,741066605.368806
2025-03-12,1000000000.000000,259264261.099016,740735738.900984
2025-03-13,1000000000.000000,259595127.566838,740404872.433162
2025-03-14,1000000000.000000,259925994.034660,740074005.965340
2025-03-15,1000000000.000000,260256860.502482,739743139.497518
2025-03-16,1000000000.000000,260587726.970304,739412273.029696
2025-03-17,1000000000.000000,260918593.438126,739081406.561874
2025-03-18,1000000000.000000,261249459.905948,738750540.094052
2025-03-19,1000000000.000000,261580326.373770,738419673.626230
2025-03-20,1000000000.000000,261911192.841592,738088807.158408
2025-03-21,1000000000.000000,262242059.309414,737757940.690586
2025-03-22,1000000000.000000,262572925.777236,737427074.222764
2025-03-23,1000000000.000000,262903792.245058,737096207.754942
2025-03-24,1000000000.000000,263234658.712880,736765341.287120
2025-03-25,1000000000.000000,263565525.180702,736434474.819298
2025-03-26,1000000000.000000,263896391.648524,736103608.351476
2025-03-27,1000000000.000000,264227258.116346,735772741.883654
2025-03-28,1000000000.000000,264558124.584168,735441875.415832
2025-03-29,1000000000.000000,264888991.051990,735111008.948010
2025-03-30,1000000000.000000,265219857.519812,734780142.480188
2025-03-31,1000000000.000000,265550723.987634,734449276.012366
2025-04-01,1000000000.000000,265881590.455456,734118409.544544
2025-04-02,1000000000.000000,266212456.923278,733787543.076722
2025-04-03,1000000000.000000,266543323.391100,733456676.608900
2025-04-04,1000000000.000000,266874189.858922,733125810.141078
2025-04-05,1000000000.000000,267205056.326744,732794943.673256
2025-04-06,1000000000.000000,267535922.794566,732464077.205434
2025-04-07,1000000000.000000,267866789.262388,732133210.737612
2025-04-08,1000000000.000000,268197655.730210,731802344.269790
2025-04-09,1000000000.000000,268528522.198032,731471477.801968
2025-04-10,1000000000.000000,268859388.665854,731140611.334146
2025-04-11,1000000000.000000,269190255.133676,730809744.866324
2025-04-12,1000000000.000000,269521121.601498,730478878.398502
2025-04-13,1000000000.000000,269851988.069320,730148011.930680
2025-04-14,1000000000.000000,270182854.537142,729817145.462858
2025-04-15,1000000000.000000,270513721.004964,729486278.995036
2025-04-16,1000000000.000000,270844587.472786,729155412.527214
2025-04-17,1000000000.000000,271175453.940608,728824546.059392
2025-04-18,1000000000.000000,271506320.408430,728493679.591570
2025-04-19,1000000000.000000,271837186.876252,728162813.123748
2025-04-20,1000000000.000000,272168053.344074,727831946.655926
2025-04-21,1000000000.000000,272498919.811896,727501080.188104
2025-04-22,1000000000.000000,272829786.279718,727170213.720282
2025-04-23,1000000000.000000,273160652.747540,726839347.252460
2025-04-24,1000000000.000000,273491519.215362,726508480.784638
2025-04-25,1000000000.000000,273822385.683184,726177614.316816
2025-04-26,1000000000.000000,274153252.151006,725846747.848994
2025-04-27,1000000000.000000,274484118.618828,725515881.381172
2025-04-28,1000000000.000000,274814985.086650,725185014.913350
2025-04-29,1000000000.000000,275145851.554472,724854148.445528
2025-04-30,1000000000.000000,275476718.022294,724523281.977706
2025-05-01,1000000000.000000,275807584.490116,724192415.509884
2025-05-02,1000000000.000000,276138450.957938,723861549.042062
2025-05-03,1000000000.000000,276469317.425760,723530682.574240
2025-05-04,1000000000.000000,276800183.893582,723199816.106418
2025-05-05,1000000000.000000,277131050.361404,722868949.638596
2025-05-06,1000000000.000000,277461916.829226,722538083.170774
2025-05-07,1000000000.000000,277792783.297048,722207216.702952
2025-05-08,1000000000.000000,278123649.764870,721876350.235130
2025-05-09,1000000000.000000,278454516.232692,721545483.767308
2025-05-10,1000000000.000000,278785382.700514,721214617.299486
2025-05-11,1000000000.000000,279116249.168336,720883750.831664
2025-05-12,1000000000.000000,279447115.636158,720552884.363842
2025-05-13,1000000000.000000,279777982.103980,720222017.896020
2025-05-14,1000000000.000000,280108848.571802,719891151.428198
2025-05-15,1000000000.000000,280439715.039624,719560284.960376
2025-05-16,1000000000.000000,280770581.507446,719229418.492554
2025-05-17,1000000000.000000,281101447.975268,718898552.024732
2025-05-18,1000000000.000000,281432314.443090,718567685.556910
2025-05-19,1000000000.000000,281763180.910912,718236819.089088
2025-05-20,1000000000.000000,282094047.378734,717905952.621266
2025-05-21,1000000000.000000,282424913.846556,717575086.153444
2025-05-22,1000000000.000000,282755780.314378,717244219.685622
2025-05-23,1000000000.000000,283086646.782200,716913353.217800
2025-05-24,1000000000.000000,283417513.250022,716582486.749978
2025-05-25,1000000000.000000,283748379.717844,716251620.282156
2025-05-26,1000000000.000000,284079246.185666,715920753.814334
2025-05-27,1000000000.000000,284410112.653488,715589887.346512
2025-05-28,1000000000.000000,284740979.121310,715259020.878690
2025-05-29,1000000000.000000,285071845.589132,714928154.410868
2025-05-30,1000000000.000000,285402712.056954,714597287.943046
2025-05-31,1000000000.000000,285733578.524776,714266421.475224
2025-06-01,1000000000.000000,286064444.992598,713935555.007402
2025-06-02,1000000000.000000,286395311.460420,713604688.539580
2025-06-03,1000000000.000000,286726177.928242,713273822.071758
2025-06-04,1000000000.000000,287057044.396064,712942955.603936
2025-06-05,1000000000.000000,287387910.863886,712612089.136114
2025-06-06,1000000000.000000,287718777.331708,712281222.668292
2025-06-07,1000000000.000000,288049643.799530,711950356.200470
2025-06-08,1000000000.000000,288380510.267352,711619489.732648
2025-06-09,1000000000.000000,288711376.735174,711288623.264826
2025-06-10,1000000000.000000,289042243.202996,710957756.797004
2025-06-11,1000000000.000000,289373109.670818,710626890.329182
2025-06-12,1000000000.000000,289703976.138640,710296023.861360
2025-06-13,1000000000.000000,290034842.606462,709965157.393538
2025-06-14,1000000000.000000,290365709.074284,709634290.925716
2025-06-15,1000000000.000000,290696575.542106,709303424.457894
2025-06-16,1000000000.000000,291027442.009928,708972557.990072
2025-06-17,1000000000.000000,291358308.477750,708641691.522250
2025-06-18,1000000000.000000,291689174.945572,708310825.054428
2025-06-19,1000000000.000000,292020041.413394,707979958.586606
2025-06-20,1000000000.000000,292350907.881216,707649092.118784
2025-06-21,1000000000.000000,292681774.349038,707318225.650962
2025-06-22,1000000000.000000,293012640.816860,706987359.183140
2025-06-23,1000000000.000000,293343507.284682,706656492.715318
2025-06-24,1000000000.000000,293674373.752504,706325626.247496
2025-06-25,1000000000.000000,294005240.220326,705994759.779674
2025-06-26,1000000000.000000,294336106.688148,705663893.311852
2025-06-27,1000000000.000000,294666973.155970,705333026.844030
2025-06-28,1000000000.000000,294997839.623792,705002160.376208
2025-06-29,1000000000.000000,295328706.091614,704671293.908386
2025-06-30,1000000000.000000,295659572.559436,704340427.440564
2025-07-01,1000000000.000000,295990439.027258,704009560.972742
2025-07-02,1000000000.000000,296321305.495080,703678694.504920
2025-07-03,1000000000.000000,296652171.962902,703347828.037098
2025-07-04,1000000000.000000,296983038.430724,703016961.569276
2025-07-05,1000000000.000000,297313904.898546,702686095.101454
2025-07-06,1000000000.000000,297644771.366368,702355228.633632
2025-07-07,1000000000.000000,297975637.834190,702024362.165810
2025-07-08,1000000000.000000,298306504.302012,701693495.697988
2025-07-09,1000000000.000000,298637370.769834,701362629.230166
2025-07-10,1000000000.000000,298968237.237656,701031762.762344
2025-07-11,1000000000.000000,299299103.705478,700700896.294522
2025-07-12,1000000000.000000,299629970.173300,700370029.826700
2025-07-13,1000000000.000000,299960836.641122,700039163.358878
2025-07-14,1000000000.000000,300291703.108944,699708296.891056
2025-07-15,1000000000.000000,300622569.576766,699377430.423234
2025-07-16,1000000000.000000,300953436.044588,699046563.955412
2025-07-17,1000000000.000000,301284302.512410,698715697.487590
2025-07-18,1000000000.000000,301615168.980232,698384831.019768
2025-07-19,1000000000.000000,301946035.448054,698053964.551946
2025-07-20,1000000000.000000,302276901.915876,697723098.084124
2025-07-21,1000000000.000000,302607768.383698,697392231.616302
2025-07-22,1000000000.000000,302938634.851520,697061365.148480
2025-07-23,1000000000.000000,303269501.319342,696730498.680658
2025-07-24,1000000000.000000,303600367.787164,696399632.212836
2025-07-25,1000000000.000000,303931234.254986,696068765.745014
2025-07-26,1000000000.000000,304262100.722808,695737899.277192
2025-07-27,1000000000.000000,304592967.190630,695407032.809370
2025-07-28,1000000000.000000,304923833.658452,695076166.341548
2025-07-29,1000000000.000000,305254700.126274,694745299.873726
2025-07-30,1000000000.000000,305585566.594096,694414433.405904
2025-07-31,1000000000.000000,305916433.061918,694083566.938082
2025-08-01,1000000000.000000,306247299.529740,693752700.470260
2025-08-02,1000000000.000000,306578165.997562,693421834.002438
2025-08-03,1000000000.000000,306909032.465384,693090967.534616
2025-08-04,1000000000.000000,307239898.933206,692760101.066794
2025-08-05,1000000000.000000,307570765.401028,692429234.598972
2025-08-06,1000000000.000000,307901631.868850,692098368.131150
2025-08-07,1000000000.000000,308232498.336672,691767501.663328
2025-08-08,1000000000.000000,308563364.804494,691436635.195506
2025-08-09,1000000000.000000,308894231.272316,691105768.727684
2025-08-10,1000000000.000000,309225097.740138,690774902.259862
2025-08-11,1000000000.000000,309555964.207960,690444035.792040
2025-08-12,1000000000.000000,309886830.675782,690113169.324218
2025-08-13,1000000000.000000,310217697.143604,689782302.856396
2025-08-14,1000000000.000000,310548563.611426,689451436.388574
2025-08-15,1000000000.000000,310879430.079248,689120569.920752
2025-08-16,1000000000.000000,311210296.547070,688789703.452930
2025-08-17,1000000000.000000,311541163.014892,688458836.985108
2025-08-18,1000000000.000000,311872029.482714,688127970.517286
2025-08-19,1000000000.000000,312202895.950536,687797104.049464
2025-08-20,1000000000.000000,312533762.418358,687466237.581642
2025-08-21,1000000000.000000,312864628.886180,687135371.113820
2025-08-22,1000000000.000000,313195495.354002,686804504.645998
2025-08-23,1000000000.000000,313526361.821824,686473638.178176
2025-08-24,1000000000.000000,313857228.289646,686142771.710354
2025-08-25,1000000000.000000,314188094.757468,685811905.242532
2025-08-26,1000000000.000000,314518961.225290,685481038.774710
2025-08-27,1000000000.000000,314849827.693112,685150172.306888
2025-08-28,1000000000.000000,315180694.160934,684819305.839066
2025-08-29,1000000000.000000,315511560.628756,684488439.371244
2025-08-30,1000000000.000000,315842427.096578,684157572.903422
2025-08-31,1000000000.000000,316173293.564400,683826706.435600
2025-09-01,1000000000.000000,316504160.032222,683495839.967778
2025-09-02,1000000000.000000,316835026.500044,683164973.499956
2025-09-03,1000000000.000000,317165892.967866,682834107.032134
2025-09-04,1000000000.000000,317496759.435688,682503240.564312
2025-09-05,1000000000.000000,317827625.903510,682172374.096490
2025-09-06,1000000000.000000,318158492.371332,681841507.628668
2025-09-07,1000000000.000000,318489358.839154,681510641.160846
2025-09-08,1000000000.000000,318820225.306976,681179774.693024
2025-09-09,1000000000.000000,319151091.774798,680848908.225202
2025-09-10,1000000000.000000,319481958.242620,680518041.757380
2025-09-11,1000000000.000000,319812824.710442,680187175.289558
2025-09-12,1000000000.000000,320143691.178264,679856308.821736
2025-09-13,1000000000.000000,320474557.646086,679525442.353914
2025-09-14,1000000000.000000,320805424.113908,679194575.886092
2025-09-15,1000000000.000000,321136290.581730,678863709.418270
2025-09-16,1000000000.000000,321467157.049552,678532842.950448
2025-09-17,1000000000.000000,321798023.517374,678201976.482626
2025-09-18,1000000000.000000,322128889.985196,677871110.014804
2025-09-19,1000000000.000000,322459756.453018,677540243.546982
2025-09-20,1000000000.000000,322790622.920840,677209377.079160
2025-09-21,1000000000.000000,323121489.388662,676878510.611338
2025-09-22,1000000000.000000,323452355.856484,676547644.143516
2025-09-23,1000000000.000000,323783222.324306,676216777.675694
2025-09-24,1000000000.000000,324114088.792128,675885911.207872
2025-09-25,1000000000.000000,324444955.259950,675555044.740050
2025-09-26,1000000000.000000,324775821.727772,675224178.272228
2025-09-27,1000000000.000000,325106688.195594,674893311.804406
2025-09-28,1000000000.000000,325437554.663416,674562445.336584
2025-09-29,1000000000.000000,325768421.131238,674231578.868762
2025-09-30,1000000000.000000,326099287.599060,673900712.400940
2025-10-01,1000000000.000000,326430154.066882,673569845.933118
2025-10-02,1000000000.000000,326761020.534704,673238979.465296
2025-10-03,1000000000.000000,327091887.002526,672908112.997474
2025-10-04,1000000000.000000,327422753.470348,672577246.529652
2025-10-05,1000000000.000000,327753619.938170,672246380.061830
2025-10-06,1000000000.000000,328084486.405992,671915513.594008
2025-10-07,1000000000.000000,328415352.873814,671584647.126186
2025-10-08,1000000000.000000,328746219.341636,671253780.658364
2025-10-09,1000000000.000000,329077085.809458,670922914.190542
2025-10-10,1000000000.000000,329407952.277280,670592047.722720
2025-10-11,1000000000.000000,329738818.745102,670261181.254898
2025-10-12,1000000000.000000,330069685.212924,669930314.787076
2025-10-13,1000000000.000000,330400551.680746,669599448.319254
2025-10-14,1000000000.000000,330731418.148568,669268581.851432
2025-10-15,1000000000.000000,331062284.616390,668937715.383610
2025-10-16,1000000000.000000,331393151.084212,668606848.915788
2025-10-17,1000000000.000000,331724017.552034,668275982.447966
2025-10-18,1000000000.000000,332054884.019856,667945115.980144
2025-10-19,1000000000.000000,332385750.487678,667614249.512322
2025-10-20,1000000000.000000,332716616.955500,667283383.044500
2025-10-21,1000000000.000000,333047483.423322,666952516.576678
2025-10-22,1000000000.000000,333378349.891144,666621650.108856
2025-10-23,1000000000.000000,333709216.358966,666290783.641034
2025-10-24,1000000000.000000,334040082.826788,665959917.173212
2025-10-25,1000000000.000000,334370949.294610,665629050.705390
2025-10-26,1000000000.000000,334701815.762432,665298184.237568
2025-10-27,1000000000.000000,335032682.230254,664967317.769746
2025-10-28,1000000000.000000,335363548.698076,664636451.301924
2025-10-29,1000000000.000000,335694415.165898,664305584.834102
2025-10-30,1000000000.000000,336025281.633720,663974718.366280
2025-10-31,1000000000.000000,336356148.101542,663643851.898458
2025-11-01,1000000000.000000,336687014.569364,663312985.430636
2025-11-02,1000000000.000000,337017881.037186,662982118.962814
2025-11-03,1000000000.000000,337348747.505008,662651252.494992
2025-11-04,1000000000.000000,337679613.972830,662320386.027170
2025-11-05,1000000000.000000,338010480.440652,661989519.559348
2025-11-06,1000000000.000000,338341346.908474,661658653.091526
2025-11-07,1000000000.000000,338672213.376296,661327786.623704
2025-11-08,1000000000.000000,339003079.844118,660996920.155882
2025-11-09,1000000000.000000,339333946.311940,660666053.688060
2025-11-10,1000000000.000000,339664812.779762,660335187.220238
2025-11-11,1000000000.000000,339995679.247584,660004320.752416
2025-11-12,1000000000.000000,340326545.715406,659673454.284594
2025-11-13,1000000000.000000,340657412.183228,659342587.816772
2025-11-14,1000000000.000000,340988278.651050,659011721.348950
2025-11-15,1000000000.000000,341319145.118872,658680854.881128
2025-11-16,1000000000.000000,341650011.586694,658349988.413306
2025-11-17,1000000000.000000,341980878.054516,658019121.945484
2025-11-18,1000000000.000000,342311744.522338,657688255.477662
2025-11-19,1000000000.000000,342642610.990160,657357389.009840
2025-11-20,1000000000.000000,342973477.457982,657026522.542018
2025-11-21,1000000000.000000,343304343.925804,656695656.074196
2025-11-22,1000000000.000000,343635210.393626,656364789.606374
2025-11-23,1000000000.000000,343966076.861448,656033923.138552
2025-11-24,1000000000.000000,344296943.329270,655703056.670730
2025-11-25,1000000000.000000,344627809.797092,655372190.202908
2025-11-26,1000000000.000000,344958676.264914,655041323.735086
2025-11-27,1000000000.000000,345289542.732736,654710457.267264
2025-11-28,1000000000.000000,345620409.200558,654379590.799442
2025-11-29,1000000000.000000,345951275.668380,654048724.331620
2025-11-30,1000000000.000000,346282142.136202,653717857.863798
2025-12-01,1000000000.000000,346613008.604024,653386991.395976
2025-12-02,1000000000.000000,346943875.071846,653056124.928154
2025-12-03,1000000000.000000,347274741.539668,652725258.460332
2025-12-04,1000000000.000000,347605608.007490,652394391.992510
2025-12-05,1000000000.000000,347936474.475312,652063525.524688
2025-12-06,1000000000.000000,348267340.943134,651732659.056866
2025-12-07,1000000000.000000,348598207.410956,651401792.589044
2025-12-08,1000000000.000000,348929073.878778,651070926.121222
2025-12-09,1000000000.000000,349259940.346600,650740059.653400
2025-12-10,1000000000.000000,349590806.814422,650409193.185578
2025-12-11,1000000000.000000,349921673.282244,650078326.717756
2025-12-12,1000000000.000000,350252539.750066,649747460.249934
2025-12-13,1000000000.000000,350583406.217888,649416593.782112
2025-12-14,1000000000.000000,350914272.685710,649085727.314290
2025-12-15,1000000000.000000,351245139.153532,648754860.846468
2025-12-16,1000000000.000000,351576005.621354,648423994.378646
2025-12-17,1000000000.000000,351906872.089176,648093127.910824
2025-12-18,1000000000.000000,352237738.556998,647762261.443002
2025-12-19,1000000000.000000,352568605.024820,647431394.975180
2025-12-20,1000000000.000000,352899471.492642,647100528.507358
2025-12-21,1000000000.000000,353230337.960464,646769662.039536
2025-12-22,1000000000.000000,353561204.428286,646438795.571714
2025-12-23,1000000000.000000,353892070.896108,646107929.103892
2025-12-24,1000000000.000000,354222937.363930,645777062.636070
2025-12-25,1000000000.000000,354553803.831752,645446196.168248
2025-12-26,1000000000.000000,354884670.299574,645115329.700426
2025-12-27,1000000000.000000,355215536.767396,644784463.232604
2025-12-28,1000000000.000000,355546403.235218,644453596.764782
2025-12-29,1000000000.000000,355877269.703040,644122730.296960
2025-12-30,1000000000.000000,356208136.170862,643791863.829138
2025-12-31,1000000000.000000,356539002.638684,643460997.361316
2026-01-01,1000000000.000000,356869869.106506,643130130.893494
2026-01-02,1000000000.000000,357200735.574328,642799264.425672
2026-01-03,1000000000.000000,357531602.042150,642468397.957850
2026-01-04,1000000000.000000,357862468.509972,642137531.490028
2026-01-05,1000000000.000000,358193334.977794,641806665.022206
2026-01-06,1000000000.000000,358524201.445616,641475798.554384
2026-01-07,1000000000.000000,358855067.913438,641144932.086562
2026-01-08,1000000000.000000,359185934.381260,640814065.618740
2026-01-09,1000000000.000000,359516800.849082,640483199.150918
2026-01-10,1000000000.000000,359847667.316904,640152332.683096
2026-01-11,1000000000.000000,360178533.784726,639821466.215274
2026-01-12,1000000000.000000,360509400.252548,639490599.747452
2026-01-13,1000000000.000000,360840266.720370,639159733.279630
2026-01-14,1000000000.000000,361171133.188192,638828866.811808
2026-01-15,1000000000.000000,361501999.656014,638498000.343986
2026-01-16,1000000000.000000,361832866.123836,638167133.876164
2026-01-17,1000000000.000000,362163732.591658,637836267.408342
2026-01-18,1000000000.000000,362494599.059480,637505400.940520
2026-01-19,1000000000.000000,362825465.527302,637174534.472698
2026-01-20,1000000000.000000,363156331.995124,636843668.004876
2026-01-21,1000000000.000000,363487198.462946,636512801.537054
2026-01-22,1000000000.000000,363818064.930768,636181935.069232
2026-01-23,1000000000.000000,364148931.398590,635851068.601410
2026-01-24,1000000000.000000,364479797.866412,635520202.133588
2026-01-25,1000000000.000000,364810664.334234,635189335.665766
2026-01-26,1000000000.000000,365141530.802056,634858469.197944
2026-01-27,1000000000.000000,365472397.269878,634527602.730122
2026-01-28,1000000000.000000,365803263.737700,634196736.262300
2026-01-29,1000000000.000000,366134130.205522,633865869.794478
2026-01-30,1000000000.000000,366464996.673344,633535003.326656
2026-01-31,1000000000.000000,366795863.141166,633204136.858834
2026-02-01,1000000000.000000,367126729.608988,632873270.391012
2026-02-02,1000000000.000000,367457596.076810,632542403.923190
2026-02-03,1000000000.000000,367788462.544632,632211537.455368
2026-02-04,1000000000.000000,368119329.012454,631880670.987546
2026-02-05,1000000000.000000,368450195.480276,631549804.519724
2026-02-06,1000000000.000000,368781061.948098,631218938.051902
2026-02-07,1000000000.000000,369111928.415920,630888071.584080
2026-02-08,1000000000.000000,369442794.883742,630557205.116258
2026-02-09,1000000000.000000,369773661.351564,630226338.648436
2026-02-10,1000000000.000000,370104527.819386,629895472.180614
2026-02-11,1000000000.000000,370435394.287208,629564605.712792
2026-02-12,1000000000.000000,370766260.755030,629233739.244970
2026-02-13,1000000000.000000,371476343.266580,628523656.733420
2026-02-14,1000000000.000000,372049813.756300,627950186.243700
2026-02-15,1000000000.000000,372623284.246020,627376715.753980
2026-02-16,1000000000.000000,373196754.735740,626803245.264260
2026-02-17,1000000000.000000,373770225.225460,626229774.774540
2026-02-18,1000000000.000000,374343695.715180,625656304.284820
2026-02-19,1000000000.000000,374917166.204900,625082833.795100
2026-02-20,1000000000.000000,375490636.694620,624509363.305380
2026-02-21,1000000000.000000,376064107.184340,623935892.815660
2026-02-22,1000000000.000000,376637577.674060,623362422.325940
2026-02-23,1000000000.000000,377211048.163780,622788951.836220
2026-02-24,1000000000.000000,377784518.653500,622215481.346500
2026-02-25,1000000000.000000,378357989.143220,621642010.856780
2026-02-26,1000000000.000000,378931459.632940,621068540.367060
2026-02-27,1000000000.000000,379504930.122660,620495069.877340
2026-02-28,1000000000.000000,380078400.612380,619921599.387620
2026-03-01,1000000000.000000,380651871.102100,619348128.897900
2026-03-02,1000000000.000000,381225341.591820,618774658.408180
2026-03-03,1000000000.000000,381798812.081540,618201187.918460
2026-03-04,1000000000.000000,382372282.571260,617627717.428740
2026-03-05,1000000000.000000,382945753.060980,617054246.939020
2026-03-06,1000000000.000000,383519223.550700,616480776.449300
2026-03-07,1000000000.000000,384092694.040420,615907305.959580
2026-03-08,1000000000.000000,384666164.530140,615333835.469860
2026-03-09,1000000000.000000,385239635.019860,614760364.980140
2026-03-10,1000000000.000000,385813105.509580,614186894.490420
2026-03-11,1000000000.000000,386386575.999300,613613424.000700
2026-03-12,1000000000.000000,386960046.489020,613039953.510980
2026-03-13,1000000000.000000,387533516.978740,612466483.021260
2026-03-14,1000000000.000000,388106987.468460,611893012.531540
2026-03-15,1000000000.000000,388680457.958180,611319542.041820
2026-03-16,1000000000.000000,389253928.447900,610746071.552100
2026-03-17,1000000000.000000,389827398.937620,610172601.062380
2026-03-18,1000000000.000000,390400869.427340,609599130.572660
2026-03-19,1000000000.000000,390974339.917060,609025660.082940
2026-03-20,1000000000.000000,391547810.406780,608452189.593220
2026-03-21,1000000000.000000,392121280.896500,607878719.103500
2026-03-22,1000000000.000000,392694751.386220,607305248.613780
2026-03-23,1000000000.000000,393268221.875940,606731778.124060
2026-03-24,1000000000.000000,393841692.365660,606158307.634340
2026-03-25,1000000000.000000,394415162.855380,605584837.144620
2026-03-26,1000000000.000000,394988633.345100,605011366.654900
2026-03-27,1000000000.000000,395562103.834820,604437896.165180
2026-03-28,1000000000.000000,396135574.324540,603864425.675460
2026-03-29,1000000000.000000,396709044.814260,603290955.185740
2026-03-30,1000000000.000000,397282515.303980,602717484.696020
2026-03-31,1000000000.000000,397855985.793700,602144014.206300
2026-04-01,1000000000.000000,398429456.283420,601570543.716580
2026-04-02,1000000000.000000,399002926.773140,600997073.226860
2026-04-03,1000000000.000000,399576397.262860,600423602.737140
2026-04-04,1000000000.000000,400149867.752580,599850132.247420
2026-04-05,1000000000.000000,400723338.242300,599276661.757700
2026-04-06,1000000000.000000,401296808.732020,598703191.267980
2026-04-07,1000000000.000000,401870279.221740,598129720.778260
2026-04-08,1000000000.000000,402443749.711460,597556250.288540
2026-04-09,1000000000.000000,403017220.201180,596982779.798820
2026-04-10,1000000000.000000,403590690.690900,596409309.309100
2026-04-11,1000000000.000000,404164161.180620,595835838.819380
2026-04-12,1000000000.000000,404737631.670340,595262368.329660
2026-04-13,1000000000.000000,405311102.160060,594688897.839940
2026-04-14,1000000000.000000,405884572.649780,594115427.350220
2026-04-15,1000000000.000000,406458043.139500,593541956.860500
2026-04-16,1000000000.000000,407031513.629220,592968486.370780
2026-04-17,1000000000.000000,407604984.118940,592395015.881060
2026-04-18,1000000000.000000,408178454.608660,591821545.391340
2026-04-19,1000000000.000000,408751925.098380,591248074.901620
2026-04-20,1000000000.000000,409325395.588100,590674604.411900
2026-04-21,1000000000.000000,409898866.077820,590101133.922180
2026-04-22,1000000000.000000,410472336.567540,589527663.432460
2026-04-23,1000000000.000000,411045807.057260,588954192.942740
2026-04-24,1000000000.000000,411619277.546980,588380722.453020
2026-04-25,1000000000.000000,412192748.036700,587807251.963300
2026-04-26,1000000000.000000,412766218.526420,587233781.473580
2026-04-27,1000000000.000000,413339689.016140,586660310.983860
2026-04-28,1000000000.000000,413913159.505860,586086840.494140
2026-04-29,1000000000.000000,414486629.995580,585513370.004420
2026-04-30,1000000000.000000,415060100.485300,584939899.514700
2026-05-01,1000000000.000000,415633570.975020,584366429.024980
2026-05-02,1000000000.000000,416207041.464740,583792958.535260
2026-05-03,1000000000.000000,416780511.954460,583219488.045540
2026-05-04,1000000000.000000,417353982.444180,582646017.555820
2026-05-05,1000000000.000000,417927452.933900,582072547.066100
2026-05-06,1000000000.000000,418500923.423620,581499076.576380
2026-05-07,1000000000.000000,419074393.913340,580925606.086660
2026-05-08,1000000000.000000,419647864.403060,580352135.596940
2026-05-09,1000000000.000000,420221334.892780,579778665.107220
2026-05-10,1000000000.000000,420794805.382500,579205194.617500
2026-05-11,1000000000.000000,421368275.872220,578631724.127780
2026-05-12,1000000000.000000,421941746.361940,578058253.638060
2026-05-13,1000000000.000000,422515216.851660,577484783.148340
2026-05-14,1000000000.000000,423088687.341380,576911312.658620
2026-05-15,1000000000.000000,423662157.831100,576337842.168900
2026-05-16,1000000000.000000,424235628.320820,575764371.679180
2026-05-17,1000000000.000000,424809098.810540,575190901.189460
2026-05-18,1000000000.000000,425382569.300260,574617430.699740
2026-05-19,1000000000.000000,425956039.789980,574043960.210020
2026-05-20,1000000000.000000,426529510.279700,573470489.720300
2026-05-21,1000000000.000000,427102980.769420,572897019.230580
2026-05-22,1000000000.000000,427676451.259140,572323548.740860
2026-05-23,1000000000.000000,428249921.748860,571750078.251140
2026-05-24,1000000000.000000,428823392.238580,571176607.761420
2026-05-25,1000000000.000000,429396862.728300,570603137.271700
2026-05-26,1000000000.000000,429970333.218020,570029666.781980
2026-05-27,1000000000.000000,430543803.707740,569456196.292260
2026-05-28,1000000000.000000,431117274.197460,568882725.802540
2026-05-29,1000000000.000000,431690744.687180,568309255.312820
2026-05-30,1000000000.000000,432264215.176900,567735784.823100
2026-05-31,1000000000.000000,432837685.666620,567162314.333380
2026-06-01,1000000000.000000,433411156.156340,566588843.843660
2026-06-02,1000000000.000000,433984626.646060,566015373.353940
2026-06-03,1000000000.000000,434558097.135780,565441902.864220
2026-06-04,1000000000.000000,435131567.625500,564868432.374500
2026-06-05,1000000000.000000,435705038.115220,564294961.884780
2026-06-06,1000000000.000000,436278508.604940,563721491.395060
2026-06-07,1000000000.000000,436851979.094660,563148020.905340
2026-06-08,1000000000.000000,437425449.584380,562574550.415620
2026-06-09,1000000000.000000,437998920.074100,562001079.925900
2026-06-10,1000000000.000000,438572390.563820,561427609.436180
2026-06-11,1000000000.000000,439145861.053540,560854138.946460
2026-06-12,1000000000.000000,439719331.543260,560280668.456740
2026-06-13,1000000000.000000,440292802.032980,559707197.967020
2026-06-14,1000000000.000000,440866272.522700,559133727.477300
2026-06-15,1000000000.000000,441439743.012420,558560256.987580
2026-06-16,1000000000.000000,442013213.502140,557986786.497860
2026-06-17,1000000000.000000,442586683.991860,557413316.008140
2026-06-18,1000000000.000000,443160154.481580,556839845.518420
2026-06-19,1000000000.000000,443733624.971300,556266375.028700
2026-06-20,1000000000.000000,444307095.461020,555692904.538980
2026-06-21,1000000000.000000,444880565.950740,555119434.049260
2026-06-22,1000000000.000000,445454036.440460,554545963.559540
2026-06-23,1000000000.000000,446027506.930180,553972493.069820
2026-06-24,1000000000.000000,446600977.419900,553399022.580100
2026-06-25,1000000000.000000,447174447.909620,552825552.090380
2026-06-26,1000000000.000000,447747918.399340,552252081.600660
2026-06-27,1000000000.000000,448321388.889060,551678611.110940
2026-06-28,1000000000.000000,448894859.378780,551105140.621220
2026-06-29,1000000000.000000,449468329.868500,550531670.131500
2026-06-30,1000000000.000000,450041800.358220,549958199.641780
2026-07-01,1000000000.000000,450615270.847940,549384729.152060
2026-07-02,1000000000.000000,451188741.337660,548811258.662340
2026-07-03,1000000000.000000,451762211.827380,548237788.172620
2026-07-04,1000000000.000000,452335682.317100,547664317.682900
2026-07-05,1000000000.000000,452909152.806820,547090847.193180
2026-07-06,1000000000.000000,453482623.296540,546517376.703460
2026-07-07,1000000000.000000,454056093.786260,545943906.213740
2026-07-08,1000000000.000000,454629564.275980,545370435.724020
2026-07-09,1000000000.000000,455203034.765700,544796965.234300
2026-07-10,1000000000.000000,455776505.255420,544223494.744580
2026-07-11,1000000000.000000,456349975.745140,543650024.254860
2026-07-12,1000000000.000000,456923446.234860,543076553.765140
2026-07-13,1000000000.000000,457496916.724580,542503083.275420
2026-07-14,1000000000.000000,458070387.214300,541929612.785700
2026-07-15,1000000000.000000,458643857.704020,541356142.295980
2026-07-16,1000000000.000000,459217328.193740,540782671.806260
2026-07-17,1000000000.000000,459790798.683460,540209201.316540
2026-07-18,1000000000.000000,460364269.173180,539635730.826820
2026-07-19,1000000000.000000,460937739.662900,539062260.337100
2026-07-20,1000000000.000000,461511210.152620,538488789.847380
2026-07-21,1000000000.000000,462084680.642340,537915319.357660
2026-07-22,1000000000.000000,462658151.132060,537341848.867940
2026-07-23,1000000000.000000,463231621.621780,536768378.378220
2026-07-24,1000000000.000000,463805092.111500,536194907.888500
2026-07-25,1000000000.000000,464378562.601220,535621437.398780
2026-07-26,1000000000.000000,464952033.090940,535047966.909060
2026-07-27,1000000000.000000,465525503.580660,534474496.419340
2026-07-28,1000000000.000000,466098974.070380,533901025.929620
2026-07-29,1000000000.000000,466672444.560100,533327555.439900
2026-07-30,1000000000.000000,467245915.049820,532754084.950180
2026-07-31,1000000000.000000,467819385.539540,532180614.460460
2026-08-01,1000000000.000000,468392856.029260,531607143.970740
2026-08-02,1000000000.000000,468966326.518980,531033673.481020
2026-08-03,1000000000.000000,469539797.008700,530460202.991300
2026-08-04,1000000000.000000,470113267.498420,529886732.501580
2026-08-05,1000000000.000000,470686737.988140,529313262.011860
2026-08-06,1000000000.000000,471260208.477860,528739791.522140
2026-08-07,1000000000.000000,471833678.967580,528166321.032420
2026-08-08,1000000000.000000,472407149.457300,527592850.542700
2026-08-09,1000000000.000000,472980619.947020,527019380.052980
2026-08-10,1000000000.000000,473554090.436740,526445909.563260
2026-08-11,1000000000.000000,474127560.926460,525872439.073540
2026-08-12,1000000000.000000,474701031.416180,525298968.583820
2026-08-13,1000000000.000000,475274501.905900,524725498.094100
2026-08-14,1000000000.000000,475847972.395620,524152027.604380
2026-08-15,1000000000.000000,476421442.885340,523578557.114660
2026-08-16,1000000000.000000,476994913.375060,523005086.624940
2026-08-17,1000000000.000000,477568383.864780,522431616.135220
2026-08-18,1000000000.000000,478141854.354500,521858145.645500
2026-08-19,1000000000.000000,478715324.844220,521284675.155780
2026-08-20,1000000000.000000,479288795.333940,520711204.666060
2026-08-21,1000000000.000000,479862265.823660,520137734.176340
2026-08-22,1000000000.000000,480435736.313380,519564263.686620
2026-08-23,1000000000.000000,481009206.803100,518990793.196900
2026-08-24,1000000000.000000,481582677.292820,518417322.707180
2026-08-25,1000000000.000000,482156147.782540,517843852.217460
2026-08-26,1000000000.000000,482729618.272260,517270381.727740
2026-08-27,1000000000.000000,483303088.761980,516696911.238020
2026-08-28,1000000000.000000,483876559.251700,516123440.748300
2026-08-29,1000000000.000000,484450029.741420,515549970.258580
2026-08-30,1000000000.000000,485023500.231140,514976499.768860
2026-08-31,1000000000.000000,485596970.720860,514403029.279140
2026-09-01,1000000000.000000,486170441.210580,513829558.789420
2026-09-02,1000000000.000000,486743911.700300,513256088.299700
2026-09-03,1000000000.000000,487317382.190020,512682617.809980
2026-09-04,1000000000.000000,487890852.679740,512109147.320260
2026-09-05,1000000000.000000,488464323.169460,511535676.830540
2026-09-06,1000000000.000000,489037793.659180,510962206.340820
2026-09-07,1000000000.000000,489611264.148900,510388735.851100
2026-09-08,1000000000.000000,490184734.638620,509815265.361380
2026-09-09,1000000000.000000,490758205.128340,509241794.871660
2026-09-10,1000000000.000000,491331675.618060,508668324.381940
2026-09-11,1000000000.000000,491905146.107780,508094853.892220
2026-09-12,1000000000.000000,492478616.597500,507521383.402500
2026-09-13,1000000000.000000,493052087.087220,506947912.912780
2026-09-14,1000000000.000000,493625557.576940,506374442.423060
2026-09-15,1000000000.000000,494199028.066660,505800971.933340
2026-09-16,1000000000.000000,494772498.556380,505227501.443620
2026-09-17,1000000000.000000,495345969.046100,504654030.953900
2026-09-18,1000000000.000000,495919439.535820,504080560.464180
2026-09-19,1000000000.000000,496492910.025540,503507089.974460
2026-09-20,1000000000.000000,497066380.515260,502933619.484740
2026-09-21,1000000000.000000,497639851.004980,502360148.995020
2026-09-22,1000000000.000000,498213321.494700,501786678.505300
2026-09-23,1000000000.000000,498786791.984420,501213208.015580
2026-09-24,1000000000.000000,499360262.474140,500639737.525860
2026-09-25,1000000000.000000,499933732.963860,500066267.036140
2026-09-26,1000000000.000000,500507203.453580,499492796.546420
2026-09-27,1000000000.000000,501080673.943300,498919326.056700
2026-09-28,1000000000.000000,501654144.433020,498345855.566980
2026-09-29,1000000000.000000,502227614.922740,497772385.077260
2026-09-30,1000000000.000000,502801085.412460,497198914.587540
2026-10-01,1000000000.000000,503374555.902180,496625444.097820
2026-10-02,1000000000.000000,503948026.391900,496051973.608100
2026-10-03,1000000000.000000,504521496.881620,495478503.118380
2026-10-04,1000000000.000000,505094967.371340,494905032.628660
2026-10-05,1000000000.000000,505668437.861060,494331562.138940
2026-10-06,1000000000.000000,506241908.350780,493758091.649220
2026-10-07,1000000000.000000,506815378.840500,493184621.159500
2026-10-08,1000000000.000000,507388849.330220,492611150.669780
2026-10-09,1000000000.000000,507962319.819940,492037680.180060
2026-10-10,1000000000.000000,508535790.309660,491464209.690340
2026-10-11,1000000000.000000,509109260.799380,490890739.200620
2026-10-12,1000000000.000000,509682731.289100,490317268.710900
2026-10-13,1000000000.000000,510256201.778820,489743798.221180
2026-10-14,1000000000.000000,510829672.268540,489170327.731460
2026-10-15,1000000000.000000,511403142.758260,488596857.241740
2026-10-16,1000000000.000000,511976613.247980,488023386.752020
2026-10-17,1000000000.000000,512550083.737700,487449916.262300
2026-10-18,1000000000.000000,513123554.227420,486876445.772580
2026-10-19,1000000000.000000,513697024.717140,486302975.282860
2026-10-20,1000000000.000000,514270495.206860,485729504.793140
2026-10-21,1000000000.000000,514843965.696580,485156034.303420
2026-10-22,1000000000.000000,515417436.186300,484582563.813700
2026-10-23,1000000000.000000,515990906.676020,484009093.323980
2026-10-24,1000000000.000000,516564377.165740,483435622.834260
2026-10-25,1000000000.000000,517137847.655460,482862152.344540
2026-10-26,1000000000.000000,517711318.145180,482288681.854820
2026-10-27,1000000000.000000,518284788.634900,481715211.365100
2026-10-28,1000000000.000000,518858259.124620,481141740.875380
2026-10-29,1000000000.000000,519431729.614340,480568270.385660
2026-10-30,1000000000.000000,520005200.104060,479994799.895940
2026-10-31,1000000000.000000,520578670.593780,479421329.406220
2026-11-01,1000000000.000000,521152141.083500,478847858.916500
2026-11-02,1000000000.000000,521725611.573220,478274388.426780
2026-11-03,1000000000.000000,522299082.062940,477700917.937060
2026-11-04,1000000000.000000,522872552.552660,477127447.447340
2026-11-05,1000000000.000000,523446023.042380,476553976.957620
2026-11-06,1000000000.000000,524019493.532100,475980506.467900
2026-11-07,1000000000.000000,524592964.021820,475407035.978180
2026-11-08,1000000000.000000,525166434.511540,474833565.488460
2026-11-09,1000000000.000000,525739905.001260,474260094.998740
2026-11-10,1000000000.000000,526313375.490980,473686624.509020
2026-11-11,1000000000.000000,526886845.980700,473113154.019300
2026-11-12,1000000000.000000,527460316.470420,472539683.529580
2026-11-13,1000000000.000000,528033786.960140,471966213.039860
2026-11-14,1000000000.000000,528607257.449860,471392742.550140
2026-11-15,1000000000.000000,529180727.939580,470819272.060420
2026-11-16,1000000000.000000,529754198.429300,470245801.570700
2026-11-17,1000000000.000000,530327668.919020,469672331.080980
2026-11-18,1000000000.000000,530901139.408740,469098860.591260
2026-11-19,1000000000.000000,531474609.898460,468525390.101540
2026-11-20,1000000000.000000,532048080.388180,467951919.611820
2026-11-21,1000000000.000000,532621550.877900,467378449.122100
2026-11-22,1000000000.000000,533195021.367620,466804978.632380
2026-11-23,1000000000.000000,533768491.857340,466231508.142660
2026-11-24,1000000000.000000,534341962.347060,465658037.652940
2026-11-25,1000000000.000000,534915432.836780,465084567.163220
2026-11-26,1000000000.000000,535488903.326500,464511096.673500
2026-11-27,1000000000.000000,536062373.816220,463937626.183780
2026-11-28,1000000000.000000,536635844.305940,463364155.694060
2026-11-29,1000000000.000000,537209314.795660,462790685.204340
2026-11-30,1000000000.000000,537782785.285380,462217214.714620
2026-12-01,1000000000.000000,538356255.775100,461643744.224900
2026-12-02,1000000000.000000,538929726.264820,461070273.735180
2026-12-03,1000000000.000000,539503196.754540,460496803.245460
2026-12-04,1000000000.000000,540076667.244260,459923332.755740
2026-12-05,1000000000.000000,540650137.733980,459349862.266020
2026-12-06,1000000000.000000,541223608.223700,458776391.776300
2026-12-07,1000000000.000000,541797078.713420,458202921.286580
2026-12-08,1000000000.000000,542370549.203140,457629450.796860
2026-12-09,1000000000.000000,542944019.692860,457055980.307140
2026-12-10,1000000000.000000,543517490.182580,456482509.817420
2026-12-11,1000000000.000000,544090960.672300,455909039.327700
2026-12-12,1000000000.000000,544664431.162020,455335568.837980
2026-12-13,1000000000.000000,545237901.651740,454762098.348260
2026-12-14,1000000000.000000,545811372.141460,454188627.858540
2026-12-15,1000000000.000000,546384842.631180,453615157.368820
2026-12-16,1000000000.000000,546958313.120900,453041686.879100
2026-12-17,1000000000.000000,547531783.610620,452468216.389380
2026-12-18,1000000000.000000,548105254.100340,451894745.899660
2026-12-19,1000000000.000000,548678724.590060,451321275.409940
2026-12-20,1000000000.000000,549252195.079780,450747804.920220
2026-12-21,1000000000.000000,549825665.569500,450174334.430500
2026-12-22,1000000000.000000,550399136.059220,449600863.940780
2026-12-23,1000000000.000000,550972606.548940,449027393.451060
2026-12-24,1000000000.000000,551546077.038660,448453922.961340
2026-12-25,1000000000.000000,552119547.528380,447880452.471620
2026-12-26,1000000000.000000,552693018.018100,447306981.981900
2026-12-27,1000000000.000000,553266488.507820,446733511.492180
2026-12-28,1000000000.000000,553839958.997540,446160041.002460
2026-12-29,1000000000.000000,554413429.487260,445586570.512740
2026-12-30,1000000000.000000,554986899.976980,445013100.023020
2026-12-31,1000000000.000000,555560370.466700,444439629.533300
2027-01-01,1000000000.000000,556133840.956420,443866159.043580
2027-01-02,1000000000.000000,556707311.446140,443292688.553860
2027-01-03,1000000000.000000,557280781.935860,442719218.064140
2027-01-04,1000000000.000000,557854252.425580,442145747.574420
2027-01-05,1000000000.000000,558427722.915300,441572277.084700
2027-01-06,1000000000.000000,559001193.405020,440998806.594980
2027-01-07,1000000000.000000,559574663.894740,440425336.105260
2027-01-08,1000000000.000000,560148134.384460,439851865.615540
2027-01-09,1000000000.000000,560721604.874180,439278395.125820
2027-01-10,1000000000.000000,561295075.363900,438704924.636100
2027-01-11,1000000000.000000,561868545.853620,438131454.146380
2027-01-12,1000000000.000000,562442016.343340,437557983.656660
2027-01-13,1000000000.000000,563015486.833060,436984513.166940
2027-01-14,1000000000.000000,563588957.322780,436411042.677220
2027-01-15,1000000000.000000,564162427.812500,435837572.187500
2027-01-16,1000000000.000000,564735898.302220,435264101.697780
2027-01-17,1000000000.000000,565309368.791940,434690631.208060
2027-01-18,1000000000.000000,565882839.281660,434117160.718340
2027-01-19,1000000000.000000,566456309.771380,433543690.228620
2027-01-20,1000000000.000000,567029780.261100,432970219.738900
2027-01-21,1000000000.000000,567603250.750820,432396749.249180
2027-01-22,1000000000.000000,568176721.240540,431823278.759460
2027-01-23,1000000000.000000,568750191.730260,431249808.269740
2027-01-24,1000000000.000000,569323662.219980,430676337.780020
2027-01-25,1000000000.000000,569897132.709700,430102867.290300
2027-01-26,1000000000.000000,570470603.199420,429529396.800580
2027-01-27,1000000000.000000,571044073.689140,428955926.310860
2027-01-28,1000000000.000000,571617544.178860,428382455.821140
2027-01-29,1000000000.000000,572191014.668580,427808985.331420
2027-01-30,1000000000.000000,572764485.158300,427235514.841700
2027-01-31,1000000000.000000,573337955.648020,426662044.351980
2027-02-01,1000000000.000000,573911426.137740,426088573.862260
2027-02-02,1000000000.000000,574484896.627460,425515103.372540
2027-02-03,1000000000.000000,575058367.117180,424941632.882820
2027-02-04,1000000000.000000,575631837.606900,424368162.393100
2027-02-05,1000000000.000000,576205308.096620,423794691.903380
2027-02-06,1000000000.000000,576778778.586340,423221221.413660
2027-02-07,1000000000.000000,577352249.076060,422647750.923940
2027-02-08,1000000000.000000,577925719.565780,422074280.434220
2027-02-09,1000000000.000000,578499190.055500,421500809.944500
2027-02-10,1000000000.000000,579072660.545220,420927339.454780
2027-02-11,1000000000.000000,579646131.034940,420353868.965060
2027-02-12,1000000000.000000,580219601.524660,419780398.475340
2027-02-13,1000000000.000000,580793072.014380,419206927.985620
2027-02-14,1000000000.000000,581366542.504100,418633457.495900
2027-02-15,1000000000.000000,581940012.993820,418059987.006180
2027-02-16,1000000000.000000,582513483.483540,417486516.516460
2027-02-17,1000000000.000000,583086953.973260,416913046.026740
2027-02-18,1000000000.000000,583660424.462980,416339575.537020
2027-02-19,1000000000.000000,584233894.952700,415766105.047300
2027-02-20,1000000000.000000,584807365.442420,415192634.557580
2027-02-21,1000000000.000000,585380835.932140,414619164.067860
2027-02-22,1000000000.000000,585954306.421860,414045693.578140
2027-02-23,1000000000.000000,586527776.911580,413472223.088420
2027-02-24,1000000000.000000,587101247.401300,412898752.598700
2027-02-25,1000000000.000000,587674717.891020,412325282.108980
2027-02-26,1000000000.000000,588248188.380740,411751811.619260
2027-02-27,1000000000.000000,588821658.870460,411178341.129540
2027-02-28,1000000000.000000,589395129.360180,410604870.639820
2027-03-01,1000000000.000000,589968599.849900,410031400.150100
2027-03-02,1000000000.000000,590542070.339620,409457929.660380
2027-03-03,1000000000.000000,591115540.829340,408884459.170660
2027-03-04,1000000000.000000,591689011.319060,408310988.680940
2027-03-05,1000000000.000000,592262481.808780,407737518.191220
2027-03-06,1000000000.000000,592835952.298500,407164047.701500
2027-03-07,1000000000.000000,593409422.788220,406590577.211780
2027-03-08,1000000000.000000,593982893.277940,406017106.722060
2027-03-09,1000000000.000000,594556363.767660,405443636.232340
2027-03-10,1000000000.000000,595129834.257380,404870165.742620
2027-03-11,1000000000.000000,595703304.747100,404296695.252900
2027-03-12,1000000000.000000,596276775.236820,403723224.763180
2027-03-13,1000000000.000000,596850245.726540,403149754.273460
2027-03-14,1000000000.000000,597423716.216260,402576283.783740
2027-03-15,1000000000.000000,597997186.705980,402002813.294020
2027-03-16,1000000000.000000,598570657.195700,401429342.804300
2027-03-17,1000000000.000000,599144127.685420,400855872.314580
2027-03-18,1000000000.000000,599717598.175140,400282401.824860
2027-03-19,1000000000.000000,600291068.664860,399708931.335140
2027-03-20,1000000000.000000,600864539.154580,399135460.845420
2027-03-21,1000000000.000000,601438009.644300,398561990.355700
2027-03-22,1000000000.000000,602011480.134020,397988519.865980
2027-03-23,1000000000.000000,602584950.623740,397415049.376260
2027-03-24,1000000000.000000,603158421.113460,396841578.886540
2027-03-25,1000000000.000000,603731891.603180,396268108.396820
2027-03-26,1000000000.000000,604305362.092900,395694637.907100
2027-03-27,1000000000.000000,604878832.582620,395121167.417380
2027-03-28,1000000000.000000,605452303.072340,394547696.927660
2027-03-29,1000000000.000000,606025773.562060,393974226.437940
2027-03-30,1000000000.000000,606599244.051780,393400755.948220
2027-03-31,1000000000.000000,607172714.541500,392827285.458500
2027-04-01,1000000000.000000,607746185.031220,392253814.968780
2027-04-02,1000000000.000000,608319655.520940,391680344.479060
2027-04-03,1000000000.000000,608893126.010660,391106873.989340
2027-04-04,1000000000.000000,609466596.500380,390533403.499620
2027-04-05,1000000000.000000,610040066.990100,389959933.009900
2027-04-06,1000000000.000000,610613537.479820,389386462.520180
2027-04-07,1000000000.000000,611187007.969540,388812992.030460
2027-04-08,1000000000.000000,611760478.459260,388239521.540740
2027-04-09,1000000000.000000,612333948.948980,387666051.051020
2027-04-10,1000000000.000000,612907419.438700,387092580.561300
2027-04-11,1000000000.000000,613480889.928420,386519110.071580
2027-04-12,1000000000.000000,614054360.418140,385945639.581860
2027-04-13,1000000000.000000,614627830.907860,385372169.092140
2027-04-14,1000000000.000000,615201301.397580,384798698.602420
2027-04-15,1000000000.000000,615774771.887300,384225228.112700
2027-04-16,1000000000.000000,616348242.377020,383651757.622980
2027-04-17,1000000000.000000,616921712.866740,383078287.133260
2027-04-18,1000000000.000000,617495183.356460,382504816.643540
2027-04-19,1000000000.000000,618068653.846180,381931346.153820
2027-04-20,1000000000.000000,618642124.335900,381357875.664100
2027-04-21,1000000000.000000,619215594.825620,380784405.174380
2027-04-22,1000000000.000000,619789065.315340,380210934.684660
2027-04-23,1000000000.000000,620362535.805060,379637464.194940
2027-04-24,1000000000.000000,620936006.294780,379063993.705220
2027-04-25,1000000000.000000,621509476.784500,378490523.215500
2027-04-26,1000000000.000000,622082947.274220,377917052.725780
2027-04-27,1000000000.000000,622656417.763940,377343582.236060
2027-04-28,1000000000.000000,623229888.253660,376770111.746340
2027-04-29,1000000000.000000,623803358.743380,376196641.256620
2027-04-30,1000000000.000000,624376829.233100,375623170.766900
2027-05-01,1000000000.000000,624950299.722820,375049700.277180
2027-05-02,1000000000.000000,625523770.212540,374476229.787460
2027-05-03,1000000000.000000,626097240.702260,373902759.297740
2027-05-04,1000000000.000000,626670711.191980,373329288.808020
2027-05-05,1000000000.000000,627244181.681700,372755818.318300
2027-05-06,1000000000.000000,627817652.171420,372182347.828580
2027-05-07,1000000000.000000,628391122.661140,371608877.338860
2027-05-08,1000000000.000000,628964593.150860,371035406.849140
2027-05-09,1000000000.000000,629538063.640580,370461936.359420
2027-05-10,1000000000.000000,630111534.130300,369888465.869700
2027-05-11,1000000000.000000,630685004.620020,369314995.379980
2027-05-12,1000000000.000000,631258475.109740,368741524.890260
2027-05-13,1000000000.000000,631831945.599460,368168054.400540
2027-05-14,1000000000.000000,632405416.089180,367594583.910820
2027-05-15,1000000000.000000,632978886.578900,367021113.421100
2027-05-16,1000000000.000000,633552357.068620,366447642.931380
2027-05-17,1000000000.000000,634125827.558340,365874172.441660
2027-05-18,1000000000.000000,634699298.048060,365300701.951940
2027-05-19,1000000000.000000,635272768.537780,364727231.462220
2027-05-20,1000000000.000000,635846239.027500,364153760.972500
2027-05-21,1000000000.000000,636419709.517220,363580290.482780
2027-05-22,1000000000.000000,636993180.006940,363006819.993060
2027-05-23,1000000000.000000,637566650.496660,362433349.503340
2027-05-24,1000000000.000000,638140120.986380,361859879.013620
2027-05-25,1000000000.000000,638713591.476100,361286408.523900
2027-05-26,1000000000.000000,639287061.965820,360712938.034180
2027-05-27,1000000000.000000,639860532.455540,360139467.544460
2027-05-28,1000000000.000000,640434002.945260,359565997.054740
2027-05-29,1000000000.000000,641007473.434980,358992526.565020
2027-05-30,1000000000.000000,641580943.924700,358419056.075300
2027-05-31,1000000000.000000,642154414.414420,357845585.585580
2027-06-01,1000000000.000000,642727884.904140,357272115.095860
2027-06-02,1000000000.000000,643301355.393860,356698644.606140
2027-06-03,1000000000.000000,643874825.883580,356125174.116420
2027-06-04,1000000000.000000,644448296.373300,355551703.626700
2027-06-05,1000000000.000000,645021766.863020,354978233.136980
2027-06-06,1000000000.000000,645595237.352740,354404762.647260
2027-06-07,1000000000.000000,646168707.842460,353831292.157540
2027-06-08,1000000000.000000,646742178.332180,353257821.667820
2027-06-09,1000000000.000000,647315648.821900,352684351.178100
2027-06-10,1000000000.000000,647889119.311620,352110880.688380
2027-06-11,1000000000.000000,648462589.801340,351537410.198660
2027-06-12,1000000000.000000,649036060.291060,350963939.708940
2027-06-13,1000000000.000000,649609530.780780,350390469.219220
2027-06-14,1000000000.000000,650183001.270500,349816998.729500
2027-06-15,1000000000.000000,650756471.760220,349243528.239780
2027-06-16,1000000000.000000,651329942.249940,348670057.750060
2027-06-17,1000000000.000000,651903412.739660,348096587.260340
2027-06-18,1000000000.000000,652476883.229380,347523116.770620
2027-06-19,1000000000.000000,653050353.719100,346949646.280900
2027-06-20,1000000000.000000,653623824.208820,346376175.791180
2027-06-21,1000000000.000000,654197294.698540,345802705.301460
2027-06-22,1000000000.000000,654770765.188260,345229234.811740
2027-06-23,1000000000.000000,655344235.677980,344655764.322020
2027-06-24,1000000000.000000,655917706.167700,344082293.832300
2027-06-25,1000000000.000000,656491176.657420,343508823.342580
2027-06-26,1000000000.000000,657064647.147140,342935352.852860
2027-06-27,1000000000.000000,657638117.636860,342361882.363140
2027-06-28,1000000000.000000,658211588.126580,341788411.873420
2027-06-29,1000000000.000000,658785058.616300,341214941.383700
2027-06-30,1000000000.000000,659358529.106020,340641470.893980
2027-07-01,1000000000.000000,659931999.595740,340068000.404260
2027-07-02,1000000000.000000,660505470.085460,339494529.914540
2027-07-03,1000000000.000000,661078940.575180,338921059.424820
2027-07-04,1000000000.000000,661652411.064900,338347588.935100
2027-07-05,1000000000.000000,662225881.554620,337774118.445380
2027-07-06,1000000000.000000,662799352.044340,337200647.955660
2027-07-07,1000000000.000000,663372822.534060,336627177.465940
2027-07-08,1000000000.000000,663946293.023780,336053706.976220
2027-07-09,1000000000.000000,664519763.513500,335480236.486500
2027-07-10,1000000000.000000,665093234.003220,334906765.996780
2027-07-11,1000000000.000000,665666704.492940,334333295.507060
2027-07-12,1000000000.000000,666240174.982660,333759825.017340
2027-07-13,1000000000.000000,666813645.472380,333186354.527620
2027-07-14,1000000000.000000,667387115.962100,332612884.037900
2027-07-15,1000000000.000000,667960586.451820,332039413.548180
2027-07-16,1000000000.000000,668534056.941540,331465943.058460
2027-07-17,1000000000.000000,669107527.431260,330892472.568740
2027-07-18,1000000000.000000,669680997.920980,330319002.079020
2027-07-19,1000000000.000000,670254468.410700,329745531.589300
2027-07-20,1000000000.000000,670827938.900420,329172061.099580
2027-07-21,1000000000.000000,671401409.390140,328598590.609860
2027-07-22,1000000000.000000,671974879.879860,328025120.120140
2027-07-23,1000000000.000000,672548350.369580,327451649.630420
2027-07-24,1000000000.000000,673121820.859300,326878179.140700
2027-07-25,1000000000.000000,673695291.349020,326304708.650980
2027-07-26,1000000000.000000,674268761.838740,325731238.161260
2027-07-27,1000000000.000000,674842232.328460,325157767.671540
2027-07-28,1000000000.000000,675415702.818180,324584297.181820
2027-07-29,1000000000.000000,675989173.307900,324010826.692100
2027-07-30,1000000000.000000,676562643.797620,323437356.202380
2027-07-31,1000000000.000000,677136114.287340,322863885.712660
2027-08-01,1000000000.000000,677709584.777060,322290415.222940
2027-08-02,1000000000.000000,678283055.266780,321716944.733220
2027-08-03,1000000000.000000,678856525.756500,321143474.243500
2027-08-04,1000000000.000000,679429996.246220,320570003.753780
2027-08-05,1000000000.000000,680003466.735940,319996533.264060
2027-08-06,1000000000.000000,680576937.225660,319423062.774340
2027-08-07,1000000000.000000,681150407.715380,318849592.284620
2027-08-08,1000000000.000000,681723878.205100,318276121.794900
2027-08-09,1000000000.000000,682297348.694820,317702651.305180
2027-08-10,1000000000.000000,682870819.184540,317129180.815460
2027-08-11,1000000000.000000,683444289.674260,316555710.325740
2027-08-12,1000000000.000000,684017760.163980,315982239.836020
2027-08-13,1000000000.000000,684591230.653700,315408769.346300
2027-08-14,1000000000.000000,685164701.143420,314835298.856580
2027-08-15,1000000000.000000,685738171.633140,314261828.366860
2027-08-16,1000000000.000000,686311642.122860,313688357.877140
2027-08-17,1000000000.000000,686885112.612580,313114887.387420
2027-08-18,1000000000.000000,687458583.102300,312541416.897700
2027-08-19,1000000000.000000,688032053.592020,311967946.407980
2027-08-20,1000000000.000000,688605524.081740,311394475.918260
2027-08-21,1000000000.000000,689178994.571460,310821005.428540
2027-08-22,1000000000.000000,689752465.061180,310247534.938820
2027-08-23,1000000000.000000,690325935.550900,309674064.449100
2027-08-24,1000000000.000000,690899406.040620,309100593.959380
2027-08-25,1000000000.000000,691472876.530340,308527123.469660
2027-08-26,1000000000.000000,692046347.020060,307953652.979940
2027-08-27,1000000000.000000,692619817.509780,307380182.490220
2027-08-28,1000000000.000000,693193287.999500,306806712.000500
2027-08-29,1000000000.000000,693766758.489220,306233241.510780
2027-08-30,1000000000.000000,694340228.978940,305659771.021060
2027-08-31,1000000000.000000,694913699.468660,305086300.531340
2027-09-01,1000000000.000000,695487169.958380,304512830.041620
2027-09-02,1000000000.000000,696060640.448100,303939359.551900
2027-09-03,1000000000.000000,696634110.937820,303365889.062180
2027-09-04,1000000000.000000,697207581.427540,302792418.572460
2027-09-05,1000000000.000000,697781051.917260,302218948.082740
2027-09-06,1000000000.000000,698354522.406980,301645477.593020
2027-09-07,1000000000.000000,698927992.896700,301072007.103300
2027-09-08,1000000000.000000,699501463.386420,300498536.613580
2027-09-09,1000000000.000000,700074933.876140,299925066.123860
2027-09-10,1000000000.000000,700648404.365860,299351595.634140
2027-09-11,1000000000.000000,701221874.855580,298778125.144420
2027-09-12,1000000000.000000,701795345.345300,298204654.654700
2027-09-13,1000000000.000000,702368815.835020,297631184.164980
2027-09-14,1000000000.000000,702942286.324740,297057713.675260
2027-09-15,1000000000.000000,703515756.814460,296484243.185540
2027-09-16,1000000000.000000,704089227.304180,295910772.695820
2027-09-17,1000000000.000000,704662697.793900,295337302.206100
2027-09-18,1000000000.000000,705236168.283620,294763831.716380
2027-09-19,1000000000.000000,705809638.773340,294190361.226660
2027-09-20,1000000000.000000,706383109.263060,293616890.736940
2027-09-21,1000000000.000000,706956579.752780,293043420.247220
2027-09-22,1000000000.000000,707530050.242500,292469949.757500
2027-09-23,1000000000.000000,708103520.732220,291896479.267780
2027-09-24,1000000000.000000,708676991.221940,291323008.778060
2027-09-25,1000000000.000000,709250461.711660,290749538.288340
2027-09-26,1000000000.000000,709823932.201380,290176067.798620
2027-09-27,1000000000.000000,710397402.691100,289602597.308900
2027-09-28,1000000000.000000,710970873.180820,289029126.819180
2027-09-29,1000000000.000000,711544343.670540,288455656.329460
2027-09-30,1000000000.000000,712117814.160260,287882185.839740
2027-10-01,1000000000.000000,712691284.649980,287308715.350020
2027-10-02,1000000000.000000,713264755.139700,286735244.860300
2027-10-03,1000000000.000000,713838225.629420,286161774.370580
2027-10-04,1000000000.000000,714411696.119140,285588303.880860
2027-10-05,1000000000.000000,714985166.608860,285014833.391140
2027-10-06,1000000000.000000,715558637.098580,284441362.901420
2027-10-07,1000000000.000000,716132107.588300,283867892.411700
2027-10-08,1000000000.000000,716705578.078020,283294421.921980
2027-10-09,1000000000.000000,717279048.567740,282720951.432260
2027-10-10,1000000000.000000,717852519.057460,282147480.942540
2027-10-11,1000000000.000000,718425989.547180,281574010.452820
2027-10-12,1000000000.000000,718999460.036900,281000539.963100
2027-10-13,1000000000.000000,719572930.526620,280427069.473380
2027-10-14,1000000000.000000,720146401.016340,279853598.983660
2027-10-15,1000000000.000000,720719871.506060,279280128.493940
2027-10-16,1000000000.000000,721293341.995780,278706658.004220
2027-10-17,1000000000.000000,721866812.485500,278133187.514500
2027-10-18,1000000000.000000,722440282.975220,277559717.024780
2027-10-19,1000000000.000000,723013753.464940,276986246.535060
2027-10-20,1000000000.000000,723587223.954660,276412776.045340
2027-10-21,1000000000.000000,724160694.444380,275839305.555620
2027-10-22,1000000000.000000,724734164.934100,275265835.065900
2027-10-23,1000000000.000000,725307635.423820,274692364.576180
2027-10-24,1000000000.000000,725881105.913540,274118894.086460
2027-10-25,1000000000.000000,726454576.403260,273545423.596740
2027-10-26,1000000000.000000,727028046.892980,272971953.107020
2027-10-27,1000000000.000000,727601517.382700,272398482.617300
2027-10-28,1000000000.000000,728174987.872420,271825012.127580
2027-10-29,1000000000.000000,728748458.362140,271251541.637860
2027-10-30,1000000000.000000,729321928.851860,270678071.148140
2027-10-31,1000000000.000000,729895399.341580,270104600.658420
2027-11-01,1000000000.000000,730468869.831300,269531130.168700
2027-11-02,1000000000.000000,731042340.321020,268957659.678980
2027-11-03,1000000000.000000,731615810.810740,268384189.189260
2027-11-04,1000000000.000000,732189281.300460,267810718.699540
2027-11-05,1000000000.000000,732762751.790180,267237248.209820
2027-11-06,1000000000.000000,733336222.279900,266663777.720100
2027-11-07,1000000000.000000,733909692.769620,266090307.230380
2027-11-08,1000000000.000000,734483163.259340,265516836.740660
2027-11-09,1000000000.000000,735056633.749060,264943366.250940
2027-11-10,1000000000.000000,735630104.238780,264369895.761220
2027-11-11,1000000000.000000,736203574.728500,263796425.271500
2027-11-12,1000000000.000000,736777045.218220,263222954.781780
2027-11-13,1000000000.000000,737350515.707940,262649484.292060
2027-11-14,1000000000.000000,737923986.197660,262076013.802340
2027-11-15,1000000000.000000,738497456.687380,261502543.312620
2027-11-16,1000000000.000000,739070927.177100,260929072.822900
2027-11-17,1000000000.000000,739644397.666820,260355602.333180
2027-11-18,1000000000.000000,740217868.156540,259782131.843460
2027-11-19,1000000000.000000,740791338.646260,259208661.353740
2027-11-20,1000000000.000000,741364809.135980,258635190.864020
2027-11-21,1000000000.000000,741938279.625700,258061720.374300
2027-11-22,1000000000.000000,742511750.115420,257488249.884580
2027-11-23,1000000000.000000,743085220.605140,256914779.394860
2027-11-24,1000000000.000000,743658691.094860,256341308.905140
2027-11-25,1000000000.000000,744232161.584580,255767838.415420
2027-11-26,1000000000.000000,744805632.074300,255194367.925700
2027-11-27,1000000000.000000,745379102.564020,254620897.435980
2027-11-28,1000000000.000000,745952573.053740,254047426.946260
2027-11-29,1000000000.000000,746526043.543460,253473956.456540
2027-11-30,1000000000.000000,747099514.033180,252900485.966820
2027-12-01,1000000000.000000,747672984.522900,252327015.477100
2027-12-02,1000000000.000000,748246455.012620,251753544.987380
2027-12-03,1000000000.000000,748819925.502340,251180074.497660
2027-12-04,1000000000.000000,749393395.992060,250606604.007940
2027-12-05,1000000000.000000,749966866.481780,250033133.518220
2027-12-06,1000000000.000000,750540336.971500,249459663.028500
2027-12-07,1000000000.000000,751113807.461220,248886192.538780
2027-12-08,1000000000.000000,751687277.950940,248312722.049060
2027-12-09,1000000000.000000,752260748.440660,247739251.559340
2027-12-10,1000000000.000000,752834218.930380,247165781.069620
2027-12-11,1000000000.000000,753407689.420100,246592310.579900
2027-12-12,1000000000.000000,753981159.909820,246018840.090180
2027-12-13,1000000000.000000,754554630.399540,245445369.600460
2027-12-14,1000000000.000000,755128100.889260,244871899.110740
2027-12-15,1000000000.000000,755701571.378980,244298428.621020
2027-12-16,1000000000.000000,756275041.868700,243724958.131300
2027-12-17,1000000000.000000,756848512.358420,243151487.641580
2027-12-18,1000000000.000000,757421982.848140,242578017.151860
2027-12-19,1000000000.000000,757995453.337860,242004546.662140
2027-12-20,1000000000.000000,758568923.827580,241431076.172420
2027-12-21,1000000000.000000,759142394.317300,240857605.682700
2027-12-22,1000000000.000000,759715864.807020,240284135.192980
2027-12-23,1000000000.000000,760289335.296740,239710664.703260
2027-12-24,1000000000.000000,760862805.786460,239137194.213540
2027-12-25,1000000000.000000,761436276.276180,238563723.723820
2027-12-26,1000000000.000000,762009746.765900,237990253.234100
2027-12-27,1000000000.000000,762583217.255620,237416782.744380
2027-12-28,1000000000.000000,763156687.745340,236843312.254660
2027-12-29,1000000000.000000,763730158.235060,236269841.764940
2027-12-30,1000000000.000000,764303628.724780,235696371.275220
2027-12-31,1000000000.000000,764877099.214500,235122900.785500
2028-01-01,1000000000.000000,765450569.704220,234549430.295780
2028-01-02,1000000000.000000,766024040.193940,233975959.806060
2028-01-03,1000000000.000000,766597510.683660,233402489.316340
2028-01-04,1000000000.000000,767170981.173380,232829018.826620
2028-01-05,1000000000.000000,767744451.663100,232255548.336900
2028-01-06,1000000000.000000,768317922.152820,231682077.847180
2028-01-07,1000000000.000000,768891392.642540,231108607.357460
2028-01-08,1000000000.000000,769464863.132260,230535136.867740
2028-01-09,1000000000.000000,770038333.621980,229961666.378020
2028-01-10,1000000000.000000,770611804.111700,229388195.888300
2028-01-11,1000000000.000000,771185274.601420,228814725.398580
2028-01-12,1000000000.000000,771758745.091140,228241254.908860
2028-01-13,1000000000.000000,772332215.580860,227667784.419140
2028-01-14,1000000000.000000,772905686.070580,227094313.929420
2028-01-15,1000000000.000000,773479156.560300,226520843.439700
2028-01-16,1000000000.000000,774052627.050020,225947372.949980
2028-01-17,1000000000.000000,774626097.539740,225373902.460260
2028-01-18,1000000000.000000,775199568.029460,224800431.970540
2028-01-19,1000000000.000000,775773038.519180,224226961.480820
2028-01-20,1000000000.000000,776346509.008900,223653490.991100
2028-01-21,1000000000.000000,776919979.498620,223080020.501380
2028-01-22,1000000000.000000,777493449.988340,222506550.011660
2028-01-23,1000000000.000000,778066920.478060,221933079.521940
2028-01-24,1000000000.000000,778640390.967780,221359609.032220
2028-01-25,1000000000.000000,779213861.457500,220786138.542500
2028-01-26,1000000000.000000,779787331.947220,220212668.052780
2028-01-27,1000000000.000000,780360802.436940,219639197.563060
2028-01-28,1000000000.000000,780934272.926660,219065727.073340
2028-01-29,1000000000.000000,781507743.416380,218492256.583620
2028-01-30,1000000000.000000,782081213.906100,217918786.093900
2028-01-31,1000000000.000000,782654684.395820,217345315.604180
2028-02-01,1000000000.000000,783228154.885540,216771845.114460
2028-02-02,1000000000.000000,783801625.375260,216198374.624740
2028-02-03,1000000000.000000,784375095.864980,215624904.135020
2028-02-04,1000000000.000000,784948566.354700,215051433.645300
2028-02-05,1000000000.000000,785522036.844420,214477963.155580
2028-02-06,1000000000.000000,786095507.334140,213904492.665860
2028-02-07,1000000000.000000,786668977.823860,213331022.176140
2028-02-08,1000000000.000000,787242448.313580,212757551.686420
2028-02-09,1000000000.000000,787815918.803300,212184081.196700
2028-02-10,1000000000.000000,788389389.293020,211610610.706980
2028-02-11,1000000000.000000,788962859.782740,211037140.217260
2028-02-12,1000000000.000000,789536330.272460,210463669.727540
2028-02-13,1000000000.000000,790109800.762180,209890199.237820
2028-02-14,1000000000.000000,790683271.251900,209316728.748100
2028-02-15,1000000000.000000,791256741.741620,208743258.258380
2028-02-16,1000000000.000000,791830212.231340,208169787.768660
2028-02-17,1000000000.000000,792403682.721060,207596317.278940
2028-02-18,1000000000.000000,792977153.210780,207022846.789220
2028-02-19,1000000000.000000,793550623.700500,206449376.299500
2028-02-20,1000000000.000000,794124094.190220,205875905.809780
2028-02-21,1000000000.000000,794697564.679940,205302435.320060
2028-02-22,1000000000.000000,795271035.169660,204728964.830340
2028-02-23,1000000000.000000,795844505.659380,204155494.340620
2028-02-24,1000000000.000000,796417976.149100,203582023.850900
2028-02-25,1000000000.000000,796991446.638820,203008553.361180
2028-02-26,1000000000.000000,797564917.128540,202435082.871460
2028-02-27,1000000000.000000,798138387.618260,201861612.381740
2028-02-28,1000000000.000000,798711858.107980,201288141.892020
2028-02-29,1000000000.000000,799285328.597700,200714671.402300
2028-03-01,1000000000.000000,799858799.087420,200141200.912580
2028-03-02,1000000000.000000,800432269.577140,199567730.422860
2028-03-03,1000000000.000000,801005740.066860,198994259.933140
2028-03-04,1000000000.000000,801579210.556580,198420789.443420
2028-03-05,1000000000.000000,802152681.046300,197847318.953700
2028-03-06,1000000000.000000,802726151.536020,197273848.463980
2028-03-07,1000000000.000000,803299622.025740,196700377.974260
2028-03-08,1000000000.000000,803873092.515460,196126907.484540
2028-03-09,1000000000.000000,804446563.005180,195553436.994820
2028-03-10,1000000000.000000,805020033.494900,194979966.505100
2028-03-11,1000000000.000000,805593503.984620,194406496.015380
2028-03-12,1000000000.000000,806166974.474340,193833025.525660
2028-03-13,1000000000.000000,806740444.964060,193259555.035940
2028-03-14,1000000000.000000,807313915.453780,192686084.546220
2028-03-15,1000000000.000000,807887385.943500,192112614.056500
2028-03-16,1000000000.000000,808460856.433220,191539143.566780
2028-03-17,1000000000.000000,809034326.922940,190965673.077060
2028-03-18,1000000000.000000,809607797.412660,190392202.587340
2028-03-19,1000000000.000000,810181267.902380,189818732.097620
2028-03-20,1000000000.000000,810754738.392100,189245261.607900
2028-03-21,1000000000.000000,811328208.881820,188671791.118180
2028-03-22,1000000000.000000,811901679.371540,188098320.628460
2028-03-23,1000000000.000000,812475149.861260,187524850.138740
2028-03-24,1000000000.000000,813048620.350980,186951379.649020
2028-03-25,1000000000.000000,813622090.840700,186377909.159300
2028-03-26,1000000000.000000,814195561.330420,185804438.669580
2028-03-27,1000000000.000000,814769031.820140,185230968.179860
2028-03-28,1000000000.000000,815342502.309860,184657497.690140
2028-03-29,1000000000.000000,815915972.799580,184084027.200420
2028-03-30,1000000000.000000,816489443.289300,183510556.710700
2028-03-31,1000000000.000000,817062913.779020,182937086.220980
2028-04-01,1000000000.000000,817636384.268740,182363615.731260
2028-04-02,1000000000.000000,818209854.758460,181790145.241540
2028-04-03,1000000000.000000,818783325.248180,181216674.751820
2028-04-04,1000000000.000000,819356795.737900,180643204.262100
2028-04-05,1000000000.000000,819930266.227620,180069733.772380
2028-04-06,1000000000.000000,820503736.717340,179496263.282660
2028-04-07,1000000000.000000,821077207.207060,178922792.792940
2028-04-08,1000000000.000000,821650677.696780,178349322.303220
2028-04-09,1000000000.000000,822224148.186500,177775851.813500
2028-04-10,1000000000.000000,822797618.676220,177202381.323780
2028-04-11,1000000000.000000,823371089.165940,176628910.834060
2028-04-12,1000000000.000000,823944559.655660,176055440.344340
2028-04-13,1000000000.000000,824518030.145380,175481969.854620
2028-04-14,1000000000.000000,825091500.635100,174908499.364900
2028-04-15,1000000000.000000,825664971.124820,174335028.875180
2028-04-16,1000000000.000000,826238441.614540,173761558.385460
2028-04-17,1000000000.000000,826811912.104260,173188087.895740
2028-04-18,1000000000.000000,827385382.593980,172614617.406020
2028-04-19,1000000000.000000,827958853.083700,172041146.916300
2028-04-20,1000000000.000000,828532323.573420,171467676.426580
2028-04-21,1000000000.000000,829105794.063140,170894205.936860
2028-04-22,1000000000.000000,829679264.552860,170320735.447140
2028-04-23,1000000000.000000,830252735.042580,169747264.957420
2028-04-24,1000000000.000000,830826205.532300,169173794.467700
2028-04-25,1000000000.000000,831399676.022020,168600323.977980
2028-04-26,1000000000.000000,831973146.511740,168026853.488260
2028-04-27,1000000000.000000,832546617.001460,167453382.998540
2028-04-28,1000000000.000000,833120087.491180,166879912.508820
2028-04-29,1000000000.000000,833693557.980900,166306442.019100
2028-04-30,1000000000.000000,834267028.470620,165732971.529380
2028-05-01,1000000000.000000,834840498.960340,165159501.039660
2028-05-02,1000000000.000000,835413969.450060,164586030.549940
2028-05-03,1000000000.000000,835987439.939780,164012560.060220
2028-05-04,1000000000.000000,836560910.429500,163439089.570500
2028-05-05,1000000000.000000,837134380.919220,162865619.080780
2028-05-06,1000000000.000000,837707851.408940,162292148.591060
2028-05-07,1000000000.000000,838281321.898660,161718678.101340
2028-05-08,1000000000.000000,838854792.388380,161145207.611620
2028-05-09,1000000000.000000,839428262.878100,160571737.121900
2028-05-10,1000000000.000000,840001733.367820,159998266.632180
2028-05-11,1000000000.000000,840575203.857540,159424796.142460
2028-05-12,1000000000.000000,841148674.347260,158851325.652740
2028-05-13,1000000000.000000,841722144.836980,158277855.163020
2028-05-14,1000000000.000000,842295615.326700,157704384.673300
2028-05-15,1000000000.000000,842869085.816420,157130914.183580
2028-05-16,1000000000.000000,843442556.306140,156557443.693860
2028-05-17,1000000000.000000,844016026.795860,155983973.204140
2028-05-18,1000000000.000000,844589497.285580,155410502.714420
2028-05-19,1000000000.000000,845162967.775300,154837032.224700
2028-05-20,1000000000.000000,845736438.265020,154263561.734980
2028-05-21,1000000000.000000,846309908.754740,153690091.245260
2028-05-22,1000000000.000000,846883379.244460,153116620.755540
2028-05-23,1000000000.000000,847456849.734180,152543150.265820
2028-05-24,1000000000.000000,848030320.223900,151969679.776100
2028-05-25,1000000000.000000,848603790.713620,151396209.286380
2028-05-26,1000000000.000000,849177261.203340,150822738.796660
2028-05-27,1000000000.000000,849750731.693060,150249268.306940
2028-05-28,1000000000.000000,850324202.182780,149675797.817220
2028-05-29,1000000000.000000,850897672.672500,149102327.327500
2028-05-30,1000000000.000000,851471143.162220,148528856.837780
2028-05-31,1000000000.000000,852044613.651940,147955386.348060
2028-06-01,1000000000.000000,852618084.141660,147381915.858340
2028-06-02,1000000000.000000,853191554.631380,146808445.368620
2028-06-03,1000000000.000000,853765025.121100,146234974.878900
2028-06-04,1000000000.000000,854338495.610820,145661504.389180
2028-06-05,1000000000.000000,854911966.100540,145088033.899460
2028-06-06,1000000000.000000,855485436.590260,144514563.409740
2028-06-07,1000000000.000000,856058907.079980,143941092.920020
2028-06-08,1000000000.000000,856632377.569700,143367622.430300
2028-06-09,1000000000.000000,857205848.059420,142794151.940580
2028-06-10,1000000000.000000,857779318.549140,142220681.450860
2028-06-11,1000000000.000000,858352789.038860,141647210.961140
2028-06-12,1000000000.000000,858926259.528580,141073740.471420
2028-06-13,1000000000.000000,859499730.018300,140500269.981700
2028-06-14,1000000000.000000,860073200.508020,139926799.491980
2028-06-15,1000000000.000000,860646670.997740,139353329.002260
2028-06-16,1000000000.000000,861220141.487460,138779858.512540
2028-06-17,1000000000.000000,861793611.977180,138206388.022820
2028-06-18,1000000000.000000,862367082.466900,137632917.533100
2028-06-19,1000000000.000000,862940552.956620,137059447.043380
2028-06-20,1000000000.000000,863514023.446340,136485976.553660
2028-06-21,1000000000.000000,864087493.936060,135912506.063940
2028-06-22,1000000000.000000,864660964.425780,135339035.574220
2028-06-23,1000000000.000000,865234434.915500,134765565.084500
2028-06-24,1000000000.000000,865807905.405220,134192094.594780
2028-06-25,1000000000.000000,866381375.894940,133618624.105060
2028-06-26,1000000000.000000,866954846.384660,133045153.615340
2028-06-27,1000000000.000000,867528316.874380,132471683.125620
2028-06-28,1000000000.000000,868101787.364100,131898212.635900
2028-06-29,1000000000.000000,868675257.853820,131324742.146180
2028-06-30,1000000000.000000,869248728.343540,130751271.656460
2028-07-01,1000000000.000000,869822198.833260,130177801.166740
2028-07-02,1000000000.000000,870395669.322980,129604330.677020
2028-07-03,1000000000.000000,870969139.812700,129030860.187300
2028-07-04,1000000000.000000,871542610.302420,128457389.697580
2028-07-05,1000000000.000000,872116080.792140,127883919.207860
2028-07-06,1000000000.000000,872689551.281860,127310448.718140
2028-07-07,1000000000.000000,873263021.771580,126736978.228420
2028-07-08,1000000000.000000,873836492.261300,126163507.738700
2028-07-09,1000000000.000000,874409962.751020,125590037.248980
2028-07-10,1000000000.000000,874983433.240740,125016566.759260
2028-07-11,1000000000.000000,875556903.730460,124443096.269540
2028-07-12,1000000000.000000,876130374.220180,123869625.779820
2028-07-13,1000000000.000000,876703844.709900,123296155.290100
2028-07-14,1000000000.000000,877277315.199620,122722684.800380
2028-07-15,1000000000.000000,877850785.689340,122149214.310660
2028-07-16,1000000000.000000,878424256.179060,121575743.820940
2028-07-17,1000000000.000000,878997726.668780,121002273.331220
2028-07-18,1000000000.000000,879571197.158500,120428802.841500
2028-07-19,1000000000.000000,880144667.648220,119855332.351780
2028-07-20,1000000000.000000,880718138.137940,119281861.862060
2028-07-21,1000000000.000000,881291608.627660,118708391.372340
2028-07-22,1000000000.000000,881865079.117380,118134920.882620
2028-07-23,1000000000.000000,882438549.607100,117561450.392900
2028-07-24,1000000000.000000,883012020.096820,116987979.903180
2028-07-25,1000000000.000000,883585490.586540,116414509.413460
2028-07-26,1000000000.000000,884158961.076260,115841038.923740
2028-07-27,1000000000.000000,884732431.565980,115267568.434020
2028-07-28,1000000000.000000,885305902.055700,114694097.944300
2028-07-29,1000000000.000000,885879372.545420,114120627.454580
2028-07-30,1000000000.000000,886452843.035140,113547156.964860
2028-07-31,1000000000.000000,887026313.524860,112973686.475140
2028-08-01,1000000000.000000,887599784.014580,112400215.985420
2028-08-02,1000000000.000000,888173254.504300,111826745.495700
2028-08-03,1000000000.000000,888746724.994020,111253275.005980
2028-08-04,1000000000.000000,889320195.483740,110679804.516260
2028-08-05,1000000000.000000,889893665.973460,110106334.026540
2028-08-06,1000000000.000000,890467136.463180,109532863.536820
2028-08-07,1000000000.000000,891040606.952900,108959393.047100
2028-08-08,1000000000.000000,891614077.442620,108385922.557380
2028-08-09,1000000000.000000,892187547.932340,107812452.067660
2028-08-10,1000000000.000000,892761018.422060,107238981.577940
2028-08-11,1000000000.000000,893334488.911780,106665511.088220
2028-08-12,1000000000.000000,893907959.401500,106092040.598500
2028-08-13,1000000000.000000,894481429.891220,105518570.108780
2028-08-14,1000000000.000000,895054900.380940,104945099.619060
2028-08-15,1000000000.000000,895628370.870660,104371629.129340
2028-08-16,1000000000.000000,896201841.360380,103798158.639620
2028-08-17,1000000000.000000,896775311.850100,103224688.149900
2028-08-18,1000000000.000000,897348782.339820,102651217.660180
2028-08-19,1000000000.000000,897922252.829540,102077747.170460
2028-08-20,1000000000.000000,898495723.319260,101504276.680740
2028-08-21,1000000000.000000,899069193.808980,100930806.191020
2028-08-22,1000000000.000000,899642664.298700,100357335.701300
2028-08-23,1000000000.000000,900216134.788420,99783865.211580
2028-08-24,1000000000.000000,900789605.278140,99210394.721860
2028-08-25,1000000000.000000,901363075.767860,98636924.232140
2028-08-26,1000000000.000000,901936546.257580,98063453.742420
2028-08-27,1000000000.000000,902510016.747300,97489983.252700
2028-08-28,1000000000.000000,903083487.237020,96916512.762980
2028-08-29,1000000000.000000,903656957.726740,96343042.273260
2028-08-30,1000000000.000000,904230428.216460,95769571.783540
2028-08-31,1000000000.000000,904803898.706180,95196101.293820
2028-09-01,1000000000.000000,905377369.195900,94622630.804100
2028-09-02,1000000000.000000,905950839.685620,94049160.314380
2028-09-03,1000000000.000000,906524310.175340,93475689.824660
2028-09-04,1000000000.000000,907097780.665060,92902219.334940
2028-09-05,1000000000.000000,907671251.154780,92328748.845220
2028-09-06,1000000000.000000,908244721.644500,91755278.355500
2028-09-07,1000000000.000000,908818192.134220,91181807.865780
2028-09-08,1000000000.000000,909391662.623940,90608337.376060
2028-09-09,1000000000.000000,909965133.113660,90034866.886340
2028-09-10,1000000000.000000,910538603.603380,89461396.396620
2028-09-11,1000000000.000000,911112074.093100,88887925.906900
2028-09-12,1000000000.000000,911685544.582820,88314455.417180
2028-09-13,1000000000.000000,912259015.072540,87740984.927460
2028-09-14,1000000000.000000,912832485.562260,87167514.437740
2028-09-15,1000000000.000000,913405956.051980,86594043.948020
2028-09-16,1000000000.000000,913979426.541700,86020573.458300
2028-09-17,1000000000.000000,914552897.031420,85447102.968580
2028-09-18,1000000000.000000,915126367.521140,84873632.478860
2028-09-19,1000000000.000000,915699838.010860,84300161.989140
2028-09-20,1000000000.000000,916273308.500580,83726691.499420
2028-09-21,1000000000.000000,916846778.990300,83153221.009700
2028-09-22,1000000000.000000,917420249.480020,82579750.519980
2028-09-23,1000000000.000000,917993719.969740,82006280.030260
2028-09-24,1000000000.000000,918567190.459460,81432809.540540
2028-09-25,1000000000.000000,919140660.949180,80859339.050820
2028-09-26,1000000000.000000,919714131.438900,80285868.561100
2028-09-27,1000000000.000000,920287601.928620,79712398.071380
2028-09-28,1000000000.000000,920861072.418340,79138927.581660
2028-09-29,1000000000.000000,921434542.908060,78565457.091940
2028-09-30,1000000000.000000,922008013.397780,77991986.602220
2028-10-01,1000000000.000000,922581483.887500,77418516.112500
2028-10-02,1000000000.000000,923154954.377220,76845045.622780
2028-10-03,1000000000.000000,923728424.866940,76271575.133060
2028-10-04,1000000000.000000,924301895.356660,75698104.643340
2028-10-05,1000000000.000000,924875365.846380,75124634.153620
2028-10-06,1000000000.000000,925448836.336100,74551163.663900
2028-10-07,1000000000.000000,926022306.825820,73977693.174180
2028-10-08,1000000000.000000,926595777.315540,73404222.684460
2028-10-09,1000000000.000000,927169247.805260,72830752.194740
2028-10-10,1000000000.000000,927742718.294980,72257281.705020
2028-10-11,1000000000.000000,928316188.784700,71683811.215300
2028-10-12,1000000000.000000,928889659.274420,71110340.725580
2028-10-13,1000000000.000000,929463129.764140,70536870.235860
2028-10-14,1000000000.000000,930036600.253860,69963399.746140
2028-10-15,1000000000.000000,930610070.743580,69389929.256420
2028-10-16,1000000000.000000,931183541.233300,68816458.766700
2028-10-17,1000000000.000000,931757011.723020,68242988.276980
2028-10-18,1000000000.000000,932330482.212740,67669517.787260
2028-10-19,1000000000.000000,932903952.702460,67096047.297540
2028-10-20,1000000000.000000,933477423.192180,66522576.807820
2028-10-21,1000000000.000000,934050893.681900,65949106.318100
2028-10-22,1000000000.000000,934624364.171620,65375635.828380
2028-10-23,1000000000.000000,935197834.661340,64802165.338660
2028-10-24,1000000000.000000,935771305.151060,64228694.848940
2028-10-25,1000000000.000000,936344775.640780,63655224.359220
2028-10-26,1000000000.000000,936918246.130500,63081753.869500
2028-10-27,1000000000.000000,937491716.620220,62508283.379780
2028-10-28,1000000000.000000,938065187.109940,61934812.890060
2028-10-29,1000000000.000000,938638657.599660,61361342.400340
2028-10-30,1000000000.000000,939212128.089380,60787871.910620
2028-10-31,1000000000.000000,939785598.579100,60214401.420900
2028-11-01,1000000000.000000,940359069.068820,59640930.931180
2028-11-02,1000000000.000000,940932539.558540,59067460.441460
2028-11-03,1000000000.000000,941506010.048260,58493989.951740
2028-11-04,1000000000.000000,942079480.537980,57920519.462020
2028-11-05,1000000000.000000,942652951.027700,57347048.972300
2028-11-06,1000000000.000000,943226421.517420,56773578.482580
2028-11-07,1000000000.000000,943799892.007140,56200107.992860
2028-11-08,1000000000.000000,944373362.496860,55626637.503140
2028-11-09,1000000000.000000,944946832.986580,55053167.013420
2028-11-10,1000000000.000000,945520303.476300,54479696.523700
2028-11-11,1000000000.000000,946093773.966020,53906226.033980
2028-11-12,1000000000.000000,946667244.455740,53332755.544260
2028-11-13,1000000000.000000,947240714.945460,52759285.054540
2028-11-14,1000000000.000000,947814185.435180,52185814.564820
2028-11-15,1000000000.000000,948387655.924900,51612344.075100
2028-11-16,1000000000.000000,948961126.414620,51038873.585380
2028-11-17,1000000000.000000,949534596.904340,50465403.095660
2028-11-18,1000000000.000000,950108067.394060,49891932.605940
2028-11-19,1000000000.000000,950681537.883780,49318462.116220
2028-11-20,1000000000.000000,951255008.373500,48744991.626500
2028-11-21,1000000000.000000,951828478.863220,48171521.136780
2028-11-22,1000000000.000000,952401949.352940,47598050.647060
2028-11-23,1000000000.000000,952975419.842660,47024580.157340
2028-11-24,1000000000.000000,953548890.332380,46451109.667620
2028-11-25,1000000000.000000,954122360.822100,45877639.177900
2028-11-26,1000000000.000000,954695831.311820,45304168.688180
2028-11-27,1000000000.000000,955269301.801540,44730698.198460
2028-11-28,1000000000.000000,955842772.291260,44157227.708740
2028-11-29,1000000000.000000,956416242.780980,43583757.219020
2028-11-30,1000000000.000000,956989713.270700,43010286.729300
2028-12-01,1000000000.000000,957563183.760420,42436816.239580
2028-12-02,1000000000.000000,958136654.250140,41863345.749860
2028-12-03,1000000000.000000,958710124.739860,41289875.260140
2028-12-04,1000000000.000000,959283595.229580,40716404.770420
2028-12-05,1000000000.000000,959857065.719300,40142934.280700
2028-12-06,1000000000.000000,960430536.209020,39569463.790980
2028-12-07,1000000000.000000,961004006.698740,38995993.301260
2028-12-08,1000000000.000000,961577477.188460,38422522.811540
2028-12-09,1000000000.000000,962150947.678180,37849052.321820
2028-12-10,1000000000.000000,962724418.167900,37275581.832100
2028-12-11,1000000000.000000,963297888.657620,36702111.342380
2028-12-12,1000000000.000000,963871359.147340,36128640.852660
2028-12-13,1000000000.000000,964444829.637060,35555170.362940
2028-12-14,1000000000.000000,965018300.126780,34981699.873220
2028-12-15,1000000000.000000,965591770.616500,34408229.383500
2028-12-16,1000000000.000000,966165241.106220,33834758.893780
2028-12-17,1000000000.000000,966738711.595940,33261288.404060
2028-12-18,1000000000.000000,967312182.085660,32687817.914340
2028-12-19,1000000000.000000,967885652.575380,32114347.424620
2028-12-20,1000000000.000000,968459123.065100,31540876.934900
2028-12-21,1000000000.000000,969032593.554820,30967406.445180
2028-12-22,1000000000.000000,969606064.044540,30393935.955460
2028-12-23,1000000000.000000,970179534.534260,29820465.465740
2028-12-24,1000000000.000000,970753005.023980,29246994.976020
2028-12-25,1000000000.000000,971326475.513700,28673524.486300
2028-12-26,1000000000.000000,971899946.003420,28100053.996580
2028-12-27,1000000000.000000,972473416.493140,27526583.506860
2028-12-28,1000000000.000000,973046886.982860,26953113.017140
2028-12-29,1000000000.000000,973620357.472580,26379642.527420
2028-12-30,1000000000.000000,974193827.962300,25806172.037700
2028-12-31,1000000000.000000,974767298.452020,25232701.547980
2029-01-01,1000000000.000000,975340768.941740,24659231.058260
2029-01-02,1000000000.000000,975914239.431460,24085760.568540
2029-01-03,1000000000.000000,976487709.921180,23512290.078820
2029-01-04,1000000000.000000,977061180.410900,22938819.589100
2029-01-05,1000000000.000000,977634650.900620,22365349.099380
2029-01-06,1000000000.000000,978208121.390340,21791878.609660
2029-01-07,1000000000.000000,978781591.880060,21218408.119940
2029-01-08,1000000000.000000,979355062.369780,20644937.630220
2029-01-09,1000000000.000000,979928532.859500,20071467.140500
2029-01-10,1000000000.000000,980502003.349220,19497996.650780
2029-01-11,1000000000.000000,981075473.838940,18924526.161060
2029-01-12,1000000000.000000,981648944.328660,18351055.671340
2029-01-13,1000000000.000000,982222414.818380,17777585.181620
2029-01-14,1000000000.000000,982795885.308100,17204114.691900
2029-01-15,1000000000.000000,983369355.797820,16630644.202180
2029-01-16,1000000000.000000,983942826.287540,16057173.712460
2029-01-17,1000000000.000000,984516296.777260,15483703.222740
2029-01-18,1000000000.000000,985089767.266980,14910232.733020
2029-01-19,1000000000.000000,985663237.756700,14336762.243300
2029-01-20,1000000000.000000,986236708.246420,13763291.753580
2029-01-21,1000000000.000000,986810178.736140,13189821.263860
2029-01-22,1000000000.000000,987383649.225860,12616350.774140
2029-01-23,1000000000.000000,987957119.715580,12042880.284420
2029-01-24,1000000000.000000,988530590.205300,11469409.794700
2029-01-25,1000000000.000000,989104060.695020,10895939.304980
2029-01-26,1000000000.000000,989677531.184740,10322468.815260
2029-01-27,1000000000.000000,990251001.674460,9748998.325540
2029-01-28,1000000000.000000,990824472.164180,9175527.835820
2029-01-29,1000000000.000000,991397942.653900,8602057.346100
2029-01-30,1000000000.000000,991971413.143620,8028586.856380
2029-01-31,1000000000.000000,992544883.633340,7455116.366660
2029-02-01,1000000000.000000,993118354.123060,6881645.876940
2029-02-02,1000000000.000000,993691824.612780,6308175.387220
2029-02-03,1000000000.000000,994265295.102500,5734704.897500
2029-02-04,1000000000.000000,994838765.592220,5161234.407780
2029-02-05,1000000000.000000,995412236.081940,4587763.918060
2029-02-06,1000000000.000000,995985706.571660,4014293.428340
2029-02-07,1000000000.000000,996559177.061380,3440822.938620
2029-02-08,1000000000.000000,997132647.551100,2867352.448900
2029-02-09,1000000000.000000,997706118.040820,2293881.959180
2029-02-10,1000000000.000000,998279588.530540,1720411.469460
2029-02-11,1000000000.000000,998853059.020260,1146940.979740
2029-02-12,1000000000.000000,999426529.509980,573470.490020
2029-02-13,1000000000.000000,1000000000.000000,0.000000
